CA Name,Year,Rank,Wealth (in $1B USD),Country of Citizenship,Source of Wealth,Industry,Forbes Name
Adam Foroughi,2022,2291,1.3,United States,mobile games,Media & Entertainment,Adam Foroughi
Adam Foroughi,2024,1530,2.2,United States,mobile games,Media & Entertainment,Adam Foroughi
Adam Foroughi,2025,279,9.9,United States,"marketing software, mobile games",Technology,Adam Foroughi
Alec Gores,2003,315,1.6,United States,,Finance,Alec Gores
Alec Gores,2004,348,1.6,United States,,Finance,Alec Gores
Alec Gores,2005,425,1.3,United States,,Finance,Alec Gores
Alec Gores,2006,522,1.3,United States,,Finance,Alec Gores
Alec Gores,2007,690,1.2,United States,,Finance,Alec Gores
Alec Gores,2008,735,1.5,United States,,Investments,Alec Gores
Alec Gores,2009,555,1.3,United States,,Investments,Alec Gores
Alec Gores,2010,639,1.6,United States,private equity,Investments,Alec Gores
Alec Gores,2011,822,1.6,United States,private equity,Investments,Alec Gores
Alec Gores,2012,709,1.9,United States,private equity,Investments,Alec Gores
Alec Gores,2013,812,1.9,United States,private equity,Investments,Alec Gores
Alec Gores,2014,905,2.0,United States,private equity,Investments,Alec Gores
Alec Gores,2015,932,2.1,United States,private equity,Investments,Alec Gores
Alec Gores,2016,891,2.1,United States,private equity,Finance and Investments,Alec Gores
Alec Gores,2017,1010,2.1,United States,private equity,Finance and Investments,Alec Gores
Alec Gores,2018,1200,2.1,United States,private equity,Finance and Investments,Alec Gores
Alec Gores,2019,1096,2.2,United States,private equity,Finance and Investments,Alec Gores
Alec Gores,2020,1111,2.0,United States,private equity,Finance & Investments,Alec Gores
Alec Gores,2021,1050,3.0,United States,private equity,Finance & Investments,Alec Gores
Alec Gores,2022,1220,2.6,United States,private equity,Finance & Investments,Alec Gores
Alec Gores,2023,1250,2.5,United States,Private equity,Finance & Investments,Alec Gores
Alec Gores,2024,1527,2.2,United States,Private equity,Finance & Investments,Alec Gores
Alec Gores,2025,1741,2.1,United States,Private equity,Finance & Investments,Alec Gores
Alexandr Wang,2025,1780,2.0,United States,artificial intelligence,Technology,Alexandr Wang
Andrew Karam,2022,2537,1.1,United States,mobile games,Media & Entertainment,Andrew Karam
Andrew Karam,2024,2110,1.5,United States,mobile games,Media & Entertainment,Andrew Karam
Andrew Karam,2025,815,4.5,United States,"marketing software, mobile games",Technology,Andrew Karam
Andy Fang,2021,1646,2.0,United States,food delivery app,Technology,Andy Fang
Andy Fang,2022,2562,1.1,United States,food delivery app,Technology,Andy Fang
Andy Fang,2024,2510,1.2,United States,food delivery app,Technology,Andy Fang
Andy Fang,2025,2335,1.5,United States,food delivery app,Technology,Andy Fang
Aneel Bhusri,2014,1350,1.3,United States,business software,Technology,Aneel Bhusri
Aneel Bhusri,2015,1493,1.3,United States,business software,Technology,Aneel Bhusri
Aneel Bhusri,2017,1662,1.3,United States,business software,Technology,Aneel Bhusri
Aneel Bhusri,2018,1551,1.6,United States,business software,Technology,Aneel Bhusri
Aneel Bhusri,2019,1007,2.4,United States,business software,Technology,Aneel Bhusri
Aneel Bhusri,2020,1330,1.7,United States,business software,Technology,Aneel Bhusri
Aneel Bhusri,2021,1169,2.8,United States,business software,Technology,Aneel Bhusri
Aneel Bhusri,2022,1189,2.7,United States,business software,Technology,Aneel Bhusri
Aneel Bhusri,2023,1429,2.2,United States,Business software,Technology,Aneel Bhusri
Aneel Bhusri,2024,1098,3.1,United States,Business software,Technology,Aneel Bhusri
Aneel Bhusri,2025,1216,3.1,United States,Business software,Technology,Aneel Bhusri
Anthony Pritzker,2005,373,1.5,United States,,Investments,Anthony Pritzker
Anthony Pritzker,2006,388,1.7,United States,,Investments,Anthony Pritzker
Anthony Pritzker,2007,438,2.0,United States,,Investments,Anthony Pritzker
Anthony Pritzker,2008,464,2.4,United States,,Service,Anthony Pritzker
Anthony Pritzker,2009,580,1.2,United States,,Service,Anthony Pritzker
Anthony Pritzker,2010,737,1.4,United States,"hotels, investments",Service,Anthony Pritzker
Anthony Pritzker,2011,749,1.7,United States,"hotels, investments",Service,Anthony Pritzker
Anthony Pritzker,2012,470,2.6,United States,"hotels, investments",Service,Anthony Pritzker
Anthony Pritzker,2013,472,3.0,United States,"hotels, investments",Service,Anthony Pritzker
Anthony Pritzker,2014,529,3.1,United States,"hotels, investments",Service,Anthony Pritzker
Anthony Pritzker,2015,519,3.4,United States,"hotels, investments",Service,Anthony Pritzker
Anthony Pritzker,2016,536,3.2,United States,"hotels, investments",Service,Anthony Pritzker
Anthony Pritzker,2017,569,3.4,United States,"hotels, investments",Service,Anthony Pritzker
Anthony Pritzker,2018,660,3.5,United States,"hotels, investments",Service,Anthony Pritzker
Anthony Pritzker,2019,671,3.3,United States,"hotels, investments",Service,Anthony Pritzker
Anthony Pritzker,2020,548,3.5,United States,"hotels, investments",Service,Anthony Pritzker
Anthony Pritzker,2021,841,3.6,United States,"hotels, investments",Service,Anthony Pritzker
Anthony Pritzker,2022,807,3.7,United States,"hotels, investments",Service,Anthony Pritzker
Anthony Pritzker,2023,771,3.7,United States,"Hotels, investments",Service,Anthony Pritzker
Anthony Pritzker,2024,878,3.7,United States,"Hotels, investments",Service,Anthony Pritzker
Anthony Pritzker,2025,892,4.1,United States,"Hotels, investments",Service,Anthony Pritzker
Anthony Wood,2019,1951,1.1,United States,Roku,Technology,Anthony Wood
Anthony Wood,2020,1340,1.6,United States,Roku,Technology,Anthony Wood
Anthony Wood,2021,359,7.1,United States,Roku,Technology,Anthony Wood
Anthony Wood,2022,1294,2.4,United States,Roku,Technology,Anthony Wood
Anthony Wood,2023,1818,1.6,United States,Roku,Technology,Anthony Wood
Anthony Wood,2024,1859,1.7,United States,Roku,Technology,Anthony Wood
Anthony Wood,2025,1856,1.9,United States,Roku,Technology,Anthony Wood
Antony Ressler,2015,1265,1.5,United States,finance,Finance and Investments,Antony Ressler
Antony Ressler,2016,1610,1.1,United States,finance,Finance and Investments,Antony Ressler
Antony Ressler,2017,1179,1.8,United States,finance,Finance and Investments,Antony Ressler
Antony Ressler,2018,1232,2.0,United States,finance,Finance and Investments,Antony Ressler
Antony Ressler,2019,1127,2.1,United States,finance,Finance and Investments,Antony Ressler
Antony Ressler,2020,774,2.7,United States,finance,Finance & Investments,Antony Ressler
Antony Ressler,2021,670,4.3,United States,finance,Finance & Investments,Antony Ressler
Antony Ressler,2022,463,5.7,United States,finance,Finance & Investments,Antony Ressler
Antony Ressler,2023,438,5.9,United States,Finance,Finance & Investments,Antony Ressler
Antony Ressler,2024,210,10.5,United States,Finance,Finance & Investments,Antony Ressler
Antony Ressler,2025,214,11.4,United States,Finance,Finance & Investments,Antony Ressler
Archie Aldis Emmerson,2001,445,1.2,United States,,,"""Archie Aldis """"Red"""" Emmerson"""
Archie Aldis Emmerson,2002,367,1.2,United States,,,"""Archie Aldis """"Red"""" Emmerson"""
Archie Aldis Emmerson,2003,512,1.0,United States,,Real Estate,"""Archie Aldis """"Red"""" Emmerson"""
Archie Aldis Emmerson,2004,456,1.2,United States,,Real Estate,"""Archie Aldis """"Red"""" Emmerson"""
Archie Aldis Emmerson,2005,386,1.5,United States,,Real Estate,"""Archie Aldis """"Red"""" Emmerson"""
Archie Aldis Emmerson,2006,462,1.5,United States,,Real Estate,"""Archie Aldis """"Red"""" Emmerson"""
Archie Aldis Emmerson,2007,557,1.6,United States,,Real Estate,"""Archie Aldis """"Red"""" Emmerson"""
Archie Aldis Emmerson,2008,539,2.1,United States,,Manufacturing,Archie Aldis Emmerson
Archie Aldis Emmerson,2009,376,1.9,United States,,Manufacturing,Archie Aldis Emmerson
Archie Aldis Emmerson,2010,432,2.3,United States,"timberland, lumber mills",Manufacturing,Archie Aldis Emmerson
Archie Aldis Emmerson,2011,482,2.5,United States,"timberland, lumber mills",Manufacturing,Archie Aldis Emmerson
Archie Aldis Emmerson,2012,485,2.6,United States,"timberland, lumber mills",Manufacturing,Archie Aldis Emmerson
Archie Aldis Emmerson,2013,483,3.0,United States,"timberland, lumber mills",Manufacturing,Archie Aldis Emmerson
Archie Aldis Emmerson,2014,544,3.1,United States,"timberland, lumber mills",Manufacturing,Archie Aldis Emmerson
Archie Aldis Emmerson,2015,493,3.6,United States,"timberland, lumber mills",Manufacturing,Archie Aldis Emmerson
Archie Aldis Emmerson,2016,449,3.6,United States,"timberland, lumber mills",Manufacturing,Archie Aldis Emmerson
Archie Aldis Emmerson,2017,520,3.7,United States,"timberland, lumber mills",Manufacturing,Archie Aldis Emmerson
Archie Aldis Emmerson,2018,523,4.2,United States,"timberland, lumber mills",Manufacturing,Archie Aldis Emmerson
Archie Aldis Emmerson,2019,564,3.8,United States,"timberland, lumber mills",Manufacturing,Archie Aldis Emmerson
Archie Aldis Emmerson,2020,866,2.5,United States,"timberland, lumber mills",Manufacturing,Archie Aldis Emmerson
Archie Aldis Emmerson,2021,978,3.2,United States,"timberland, lumber mills",Manufacturing,Archie Aldis Emmerson
Archie Aldis Emmerson,2022,906,3.4,United States,"timberland, lumber mills",Manufacturing,Archie Aldis Emmerson
Archie Aldis Emmerson,2023,480,5.5,United States,"Timberland, lumber mills",Manufacturing,Archie Aldis Emmerson
Archie Aldis Emmerson,2024,569,5.4,United States,"Timberland, lumber mills",Manufacturing,Archie Aldis Emmerson
Archie Aldis Emmerson,2025,603,5.9,United States,"Timberland, lumber mills",Manufacturing,Archie Aldis Emmerson
Arnold Schwarzenegger,2025,2832,1.1,United States,"Movies, investments",Media & Entertainment,Arnold Schwarzenegger
Art Levinson,2022,2134,1.4,United States,"Genentech, Apple",Diversified,Art Levinson
Art Levinson,2023,2198,1.3,United States,"Genentech, Apple",Diversified,Art Levinson
Art Levinson,2024,2621,1.1,United States,"Genentech, Apple",Diversified,Art Levinson
Art Levinson,2025,2297,1.5,United States,"Genentech, Apple",Diversified,Art Levinson
Baiju Bhatt,2021,2752,1.0,United States,stock trading app,Finance & Investments,Baiju Bhatt
Baiju Bhatt,2024,2683,1.1,United States,Stock trading app,Finance & Investments,Baiju Bhatt
Baiju Bhatt,2025,1357,2.8,United States,Stock trading app,Finance & Investments,Baiju Bhatt
Barbara Banke,2025,1460,2.6,United States,Wine,Food & Beverage,Barbara Banke
Behdad Eghbali,2020,1120,2.0,United States,private equity,Finance & Investments,Behdad Eghbali
Behdad Eghbali,2021,1056,3.0,United States,private equity,Finance & Investments,Behdad Eghbali
Behdad Eghbali,2022,907,3.4,United States,private equity,Finance & Investments,Behdad Eghbali
Behdad Eghbali,2023,657,4.3,United States,Private equity,Finance & Investments,Behdad Eghbali
Behdad Eghbali,2024,856,3.8,United States,Private equity,Finance & Investments,Behdad Eghbali
Behdad Eghbali,2025,839,4.4,United States,Private equity,Finance & Investments,Behdad Eghbali
Ben Silbermann,2016,1136,1.6,United States,Pinterest,Technology,Ben Silbermann
Ben Silbermann,2017,1302,1.6,United States,Pinterest,Technology,Ben Silbermann
Ben Silbermann,2018,1501,1.6,United States,Pinterest,Technology,Ben Silbermann
Ben Silbermann,2019,1441,1.6,United States,Pinterest,Technology,Ben Silbermann
Ben Silbermann,2021,757,3.9,United States,Pinterest,Technology,Ben Silbermann
Ben Silbermann,2022,2103,1.4,United States,social media,Media & Entertainment,Ben Silbermann
Ben Silbermann,2023,1939,1.5,United States,Social media,Media & Entertainment,Ben Silbermann
Ben Silbermann,2024,1642,2.0,United States,Social media,Media & Entertainment,Ben Silbermann
Ben Silbermann,2025,1874,1.9,United States,Social media,Media & Entertainment,Ben Silbermann
Bennett Rosenthal,2023,2313,1.2,United States,Finance,Finance & Investments,Bennett Rosenthal
Bennett Rosenthal,2024,1570,2.1,United States,Finance,Finance & Investments,Bennett Rosenthal
Bennett Rosenthal,2025,1586,2.3,United States,Finance,Finance & Investments,Bennett Rosenthal
Benoit Dageville,2021,1735,1.9,United States,software,Technology,Benoit Dageville
Benoit Dageville,2022,2171,1.4,United States,software,Technology,Benoit Dageville
Benoit Dageville,2023,2618,1.0,United States,Software,Technology,Benoit Dageville
Benoit Dageville,2024,2520,1.2,United States,Software,Technology,Benoit Dageville
Benoit Dageville,2025,2761,1.2,United States,Software,Technology,Benoit Dageville
Bill Gross,2005,515,1.0,United States,,Finance,William Gross
Bill Gross,2006,586,1.1,United States,,Finance,William Gross
Bill Gross,2007,689,1.2,United States,,Finance,William Gross
Bill Gross,2008,810,1.3,United States,,Finance,William Gross
Bill Gross,2009,374,1.9,United States,,Finance,Bill Gross
Bill Gross,2010,521,2.0,United States,bonds,Finance,Bill Gross
Bill Gross,2011,591,2.1,United States,bonds,Finance,Bill Gross
Bill Gross,2012,593,2.2,United States,investments,Finance,Bill Gross
Bill Gross,2013,659,2.3,United States,investments,Finance,Bill Gross
Bill Gross,2014,788,2.3,United States,investments,Finance,Bill Gross
Bill Gross,2015,834,2.3,United States,investments,Finance and Investments,Bill Gross
Bill Gross,2016,940,2.0,United States,investments,Finance and Investments,Bill Gross
Bill Gross,2017,849,2.5,United States,investments,Finance and Investments,Bill Gross
Bill Gross,2018,1326,1.9,United States,investments,Finance and Investments,Bill Gross
Bill Gross,2019,1570,1.5,United States,investments,Finance and Investments,Bill Gross
Bill Gross,2020,1481,1.5,United States,investments,Finance & Investments,Bill Gross
Bill Gross,2021,2112,1.5,United States,investments,Finance & Investments,Bill Gross
Bill Gross,2022,1906,1.6,United States,investments,Finance & Investments,Bill Gross
Bill Gross,2023,1876,1.6,United States,Investments,Finance & Investments,Bill Gross
Bill Gross,2024,1916,1.7,United States,Investments,Finance & Investments,Bill Gross
Bill Gross,2025,2082,1.7,United States,Investments,Finance & Investments,Bill Gross
Bobby Murphy,2015,1273,1.5,United States,Snapchat,Technology,Bobby Murphy
Bobby Murphy,2016,1037,1.8,United States,Snapchat,Technology,Bobby Murphy
Bobby Murphy,2017,447,4.0,United States,Snapchat,Technology,Bobby Murphy
Bobby Murphy,2018,518,4.2,United States,Snapchat,Technology,Bobby Murphy
Bobby Murphy,2019,1131,2.1,United States,Snapchat,Technology,Bobby Murphy
Bobby Murphy,2020,1162,1.9,United States,Snapchat,Technology,Bobby Murphy
Bobby Murphy,2021,185,11.9,United States,Snapchat,Technology,Bobby Murphy
Bobby Murphy,2022,404,6.3,United States,Snapchat,Technology,Bobby Murphy
Bobby Murphy,2023,1236,2.5,United States,Snapchat,Technology,Bobby Murphy
Bobby Murphy,2024,1214,2.8,United States,Snapchat,Technology,Bobby Murphy
Bobby Murphy,2025,1594,2.3,United States,Snapchat,Technology,Bobby Murphy
Brett Adcock,2024,2286,1.4,United States,Robots,Technology,Brett Adcock
Brett Adcock,2025,2477,1.4,United States,Robots,Technology,Brett Adcock
Brian Acton,2014,579,3.0,United States,WhatsApp,Technology,Brian Acton
Brian Acton,2015,532,3.4,United States,WhatsApp,Technology,Brian Acton
Brian Acton,2016,350,4.4,United States,WhatsApp,Technology,Brian Acton
Brian Acton,2017,280,5.6,United States,WhatsApp,Technology,Brian Acton
Brian Acton,2018,260,6.6,United States,WhatsApp,Technology,Brian Acton
Brian Acton,2019,616,3.6,United States,WhatsApp,Technology,Brian Acton
Brian Acton,2020,874,2.5,United States,WhatsApp,Technology,Brian Acton
Brian Acton,2021,1248,2.6,United States,WhatsApp,Technology,Brian Acton
Brian Acton,2022,1161,2.8,United States,WhatsApp,Technology,Brian Acton
Brian Acton,2023,1311,2.4,United States,WhatsApp,Technology,Brian Acton
Brian Acton,2024,1103,3.1,United States,WhatsApp,Technology,Brian Acton
Brian Acton,2025,1107,3.4,United States,WhatsApp,Technology,Brian Acton
Brian Armstrong,2019,1815,1.3,United States,cryptocurrency,Finance and Investments,Brian Armstrong
Brian Armstrong,2020,2089,1.0,United States,cryptocurrency,Finance & Investments,Brian Armstrong
Brian Armstrong,2021,417,6.5,United States,cryptocurrency,Finance & Investments,Brian Armstrong
Brian Armstrong,2022,385,6.6,United States,cryptocurrency,Finance & Investments,Brian Armstrong
Brian Armstrong,2023,1432,2.2,United States,Cryptocurrency,Finance & Investments,Brian Armstrong
Brian Armstrong,2024,187,11.2,United States,Cryptocurrency,Finance & Investments,Brian Armstrong
Brian Armstrong,2025,320,9.2,United States,Cryptocurrency,Finance & Investments,Brian Armstrong
Brian Chesky,2015,1036,1.9,United States,Airbnb,Technology,Brian Chesky
Brian Chesky,2016,521,3.3,United States,Airbnb,Technology,Brian Chesky
Brian Chesky,2017,494,3.8,United States,Airbnb,Technology,Brian Chesky
Brian Chesky,2018,602,3.8,United States,Airbnb,Technology,Brian Chesky
Brian Chesky,2019,593,3.7,United States,Airbnb,Technology,Brian Chesky
Brian Chesky,2020,447,4.1,United States,Airbnb,Technology,Brian Chesky
Brian Chesky,2021,154,13.7,United States,Airbnb,Technology,Brian Chesky
Brian Chesky,2022,170,11.5,United States,Airbnb,Technology,Brian Chesky
Brian Chesky,2023,207,9.3,United States,Airbnb,Technology,Brian Chesky
Brian Chesky,2024,194,11.0,United States,Airbnb,Technology,Brian Chesky
Brian Chesky,2025,318,9.2,United States,Airbnb,Technology,Brian Chesky
Bruce Karsh,2008,767,1.4,United States,,Investments,Bruce Karsh
Bruce Karsh,2011,1035,1.2,United States,money management,Investments,Bruce Karsh
Bruce Karsh,2012,896,1.5,United States,money management,Investments,Bruce Karsh
Bruce Karsh,2013,928,1.65,United States,private equity,Investments,Bruce Karsh
Bruce Karsh,2014,900,2.0,United States,private equity,Investments,Bruce Karsh
Bruce Karsh,2015,927,2.1,United States,private equity,Finance and Investments,Bruce Karsh
Bruce Karsh,2016,991,1.9,United States,private equity,Finance and Investments,Bruce Karsh
Bruce Karsh,2017,1080,2.0,United States,private equity,Finance and Investments,Bruce Karsh
Bruce Karsh,2018,1256,2.0,United States,private equity,Finance and Investments,Bruce Karsh
Bruce Karsh,2019,1205,2.0,United States,private equity,Finance and Investments,Bruce Karsh
Bruce Karsh,2020,982,2.2,United States,private equity,Finance & Investments,Bruce Karsh
Bruce Karsh,2021,1555,2.1,United States,private equity,Finance & Investments,Bruce Karsh
Bruce Karsh,2022,1428,2.2,United States,private equity,Finance & Investments,Bruce Karsh
Bruce Karsh,2023,1349,2.3,United States,Private equity,Finance & Investments,Bruce Karsh
Bruce Karsh,2024,1418,2.4,United States,Private equity,Finance & Investments,Bruce Karsh
Bruce Karsh,2025,1547,2.4,United States,Private equity,Finance & Investments,Bruce Karsh
Charles Liang,2024,482,6.1,United States,Computer hardware,Technology,Charles Liang
Charles Liang,2025,1810,2.0,United States,Computer hardware,Technology,Charles Liang
Chris Larsen,2018,459,4.6,United States,cryptocurrency,Finance and Investments,Chris Larsen
Chris Larsen,2019,1260,1.9,United States,cryptocurrency,Finance and Investments,Chris Larsen
Chris Larsen,2020,820,2.6,United States,cryptocurrency,Finance & Investments,Chris Larsen
Chris Larsen,2021,911,3.4,United States,cryptocurrency,Finance & Investments,Chris Larsen
Chris Larsen,2022,671,4.3,United States,cryptocurrency,Finance & Investments,Chris Larsen
Chris Larsen,2023,1409,2.2,United States,Cryptocurrency,Finance & Investments,Chris Larsen
Chris Larsen,2024,1045,3.2,United States,Cryptocurrency,Finance & Investments,Chris Larsen
Chris Larsen,2025,374,8.2,United States,Cryptocurrency,Finance & Investments,Chris Larsen
Dagmar Dolby,2014,656,2.7,United States,Dolby Laboratories,Technology,Dagmar Dolby
Dagmar Dolby,2015,572,3.2,United States,Dolby Laboratories,Technology,Dagmar Dolby
Dagmar Dolby,2016,588,3.0,United States,Dolby Laboratories,Technology,Dagmar Dolby
Dagmar Dolby,2017,561,3.5,United States,Dolby Laboratories,Technology,Dagmar Dolby
Dagmar Dolby,2018,567,4.0,United States,Dolby Laboratories,Technology,Dagmar Dolby
Dagmar Dolby,2019,500,4.1,United States,Dolby Laboratories,Technology,Dagmar Dolby
Dagmar Dolby,2020,536,3.6,United States,Dolby Laboratories,Technology,Dagmar Dolby
Dagmar Dolby,2021,517,5.5,United States,Dolby Laboratories,Technology,Dagmar Dolby
Dagmar Dolby,2022,631,4.6,United States,Dolby Laboratories,Technology,Dagmar Dolby
Dagmar Dolby,2023,564,4.9,United States,Dolby Laboratories,Technology,Dagmar Dolby
Dagmar Dolby,2024,609,5.1,United States,Dolby Laboratories,Technology,Dagmar Dolby
Dagmar Dolby,2025,683,5.3,United States,Dolby Laboratories,Technology,Dagmar Dolby
Daniel Pritzker,2005,372,1.5,United States,,Investments,Daniel Pritzker
Daniel Pritzker,2006,387,1.7,United States,,Investments,Daniel Pritzker
Daniel Pritzker,2007,437,2.0,United States,,Investments,Daniel Pritzker
Daniel Pritzker,2008,463,2.4,United States,,Service,Daniel Pritzker
Daniel Pritzker,2009,692,1.0,United States,,Service,Daniel Pritzker
Daniel Pritzker,2010,790,1.3,United States,"hotels, investments",Service,Daniel Pritzker
Daniel Pritzker,2011,748,1.7,United States,"hotels, investments",Service,Daniel Pritzker
Daniel Pritzker,2012,776,1.7,United States,"hotels, investments",Service,Daniel Pritzker
Daniel Pritzker,2013,871,1.75,United States,"hotels, investments",Service,Daniel Pritzker
Daniel Pritzker,2014,887,2.0,United States,"hotels, investments",Service,Daniel Pritzker
Daniel Pritzker,2015,862,2.2,United States,"hotels, investments",Service,Daniel Pritzker
Daniel Pritzker,2016,924,2.0,United States,"hotels, investments",Service,Daniel Pritzker
Daniel Pritzker,2017,949,2.2,United States,"hotels, investments",Service,Daniel Pritzker
Daniel Pritzker,2018,1034,2.4,United States,"hotels, investments",Service,Daniel Pritzker
Daniel Pritzker,2019,1026,2.3,United States,"hotels, investments",Service,Daniel Pritzker
Daniel Pritzker,2020,922,2.3,United States,"hotels, investments",Service,Daniel Pritzker
Daniel Pritzker,2021,1222,2.6,United States,"hotels, investments",Finance & Investments,Daniel Pritzker
Daniel Pritzker,2022,1207,2.6,United States,"hotels, investments",Finance & Investments,Daniel Pritzker
Daniel Pritzker,2023,1288,2.4,United States,"Hotels, investments",Finance & Investments,Daniel Pritzker
Daniel Pritzker,2024,1301,2.6,United States,"Hotels, investments",Finance & Investments,Daniel Pritzker
Daniel Pritzker,2025,1280,2.9,United States,"Hotels, investments",Finance & Investments,Daniel Pritzker
Daniela Amodei,2025,2785,1.2,United States,Artificial intelligence,Technology,Daniela Amodei
Danny Harris,2025,782,4.7,United States,Alo Yoga,Fashion & Retail,Danny Harris
Dario Amodei,2025,2784,1.2,United States,Artifical intelligence,Technology,Dario Amodei
David Baszucki,2021,1170,2.8,United States,online games,Media & Entertainment,David Baszucki
David Baszucki,2022,1288,2.5,United States,online games,Media & Entertainment,David Baszucki
David Baszucki,2023,1213,2.6,United States,Online games,Media & Entertainment,David Baszucki
David Baszucki,2024,1328,2.6,United States,Online games,Media & Entertainment,David Baszucki
David Baszucki,2025,1011,3.7,United States,Online games,Media & Entertainment,David Baszucki
David Filo,1999,100,4.1,United States,,,David Filo
David Filo,2000,46,6.6,United States,,,David Filo
David Filo,2001,518,1.0,United States,,,David Filo
David Filo,2004,246,2.2,United States,,,David Filo
David Filo,2005,159,3.1,United States,,,David Filo
David Filo,2006,211,2.9,United States,,,David Filo
David Filo,2007,341,2.5,United States,,,David Filo
David Filo,2008,446,2.5,United States,,Technology,David Filo
David Filo,2009,601,1.2,United States,,Technology,David Filo
David Filo,2010,762,1.4,United States,Yahoo,Technology,David Filo
David Filo,2011,922,1.4,United States,Yahoo,Technology,David Filo
David Filo,2012,992,1.3,United States,Yahoo,Technology,David Filo
David Filo,2013,909,1.7,United States,Yahoo,Technology,David Filo
David Filo,2014,601,2.9,United States,Yahoo,Technology,David Filo
David Filo,2015,527,3.4,United States,Yahoo,Technology,David Filo
David Filo,2016,894,2.1,United States,Yahoo,Technology,David Filo
David Filo,2017,577,3.4,United States,Yahoo,Technology,David Filo
David Filo,2018,369,5.3,United States,Yahoo,Technology,David Filo
David Filo,2019,391,4.8,United States,Yahoo,Technology,David Filo
David Filo,2020,1047,2.1,United States,Yahoo,Technology,David Filo
David Filo,2021,885,3.5,United States,Yahoo,Technology,David Filo
David Filo,2022,844,3.6,United States,Yahoo,Technology,David Filo
David Filo,2023,937,3.2,United States,Yahoo,Technology,David Filo
David Filo,2024,938,3.5,United States,Yahoo,Technology,David Filo
David Filo,2025,863,4.3,United States,Yahoo,Technology,David Filo
David Geffen,1996,215,1.9,United States,,,David Geffen
David Geffen,1997,176,1.9,United States,,,David Geffen
David Geffen,1998,171,2.0,United States,,,David Geffen
David Geffen,2001,138,3.4,United States,,Media,David Geffen
David Geffen,2002,94,4.0,United States,,Media,David Geffen
David Geffen,2003,105,3.8,United States,,Media,David Geffen
David Geffen,2004,115,4.0,United States,,Media,David Geffen
David Geffen,2005,101,4.4,United States,,Media,David Geffen
David Geffen,2006,127,4.4,United States,,Media,David Geffen
David Geffen,2007,156,4.7,United States,,Media,David Geffen
David Geffen,2008,158,6.0,United States,,Media,David Geffen
David Geffen,2009,110,4.5,United States,,Media,David Geffen
David Geffen,2010,165,5.0,United States,"movies, music",Media,David Geffen
David Geffen,2011,206,5.1,United States,"movies, music",Media,David Geffen
David Geffen,2012,188,5.5,United States,"movies, music",Media,David Geffen
David Geffen,2013,207,6.0,United States,"movies, music",Media,David Geffen
David Geffen,2014,231,6.1,United States,"movies, music",Media,David Geffen
David Geffen,2015,198,6.9,United States,"movies, record labels",Media & Entertainment,David Geffen
David Geffen,2016,176,6.5,United States,"movies, record labels",Media & Entertainment,David Geffen
David Geffen,2017,193,7.3,United States,"movies, record labels",Media & Entertainment,David Geffen
David Geffen,2018,193,8.0,United States,"movies, record labels",Media & Entertainment,David Geffen
David Geffen,2019,189,7.8,United States,"movies, record labels",Media & Entertainment,David Geffen
David Geffen,2020,190,7.6,United States,"movies, record labels",Media & Entertainment,David Geffen
David Geffen,2021,246,9.5,United States,"movies, record labels",Media & Entertainment,David Geffen
David Geffen,2022,198,10.0,United States,"movies, record labels",Media & Entertainment,David Geffen
David Geffen,2023,287,7.7,United States,"Movies, record labels",Media & Entertainment,David Geffen
David Geffen,2024,324,8.0,United States,"Movies, record labels",Media & Entertainment,David Geffen
David Geffen,2025,345,8.7,United States,"Movies, record labels",Media & Entertainment,David Geffen
David Kaplan,2023,2356,1.2,United States,Finance,Finance & Investments,David Kaplan
David Kaplan,2024,1670,2.0,United States,Finance,Finance & Investments,David Kaplan
David Kaplan,2025,1669,2.2,United States,Finance,Finance & Investments,David Kaplan
David Sun,2008,427,2.5,United States,,Technology,David Sun
David Sun,2009,253,2.5,United States,,Technology,David Sun
David Sun,2010,377,2.5,United States,computer memory,Technology,David Sun
David Sun,2011,442,2.6,United States,computer memory,Technology,David Sun
David Sun,2012,421,2.8,United States,information technology,Technology,David Sun
David Sun,2013,561,2.6,United States,computer hardware,Technology,David Sun
David Sun,2014,329,4.5,United States,computer hardware,Technology,David Sun
David Sun,2015,311,5.0,United States,computer hardware,Technology,David Sun
David Sun,2016,326,4.5,United States,computer hardware,Technology,David Sun
David Sun,2017,295,5.3,United States,computer hardware,Technology,David Sun
David Sun,2018,319,5.7,United States,computer hardware,Technology,David Sun
David Sun,2019,398,4.7,United States,computer hardware,Technology,David Sun
David Sun,2020,428,4.2,United States,computer hardware,Technology,David Sun
David Sun,2021,257,9.1,United States,computer hardware,Technology,David Sun
David Sun,2022,474,5.6,United States,computer hardware,Technology,David Sun
David Sun,2023,368,6.7,United States,Computer hardware,Technology,David Sun
David Sun,2024,142,13.6,United States,Computer hardware,Technology,David Sun
David Sun,2025,166,14.0,United States,Computer hardware,Technology,David Sun
Don Hankey,2014,1121,1.6,United States,auto loans,Automotive,Don Hankey
Don Hankey,2015,833,2.3,United States,auto loans,Automotive,Don Hankey
Don Hankey,2016,797,2.3,United States,auto loans,Automotive,Don Hankey
Don Hankey,2017,847,2.5,United States,auto loans,Finance and Investments,Don Hankey
Don Hankey,2018,911,2.7,United States,auto loans,Finance and Investments,Don Hankey
Don Hankey,2019,735,3.1,United States,auto loans,Finance and Investments,Don Hankey
Don Hankey,2020,667,3.1,United States,auto loans,Finance & Investments,Don Hankey
Don Hankey,2021,974,3.2,United States,auto loans,Finance & Investments,Don Hankey
Don Hankey,2022,487,5.5,United States,auto loans,Finance & Investments,Don Hankey
Don Hankey,2023,321,7.2,United States,Auto loans,Finance & Investments,Don Hankey
Don Hankey,2024,359,7.4,United States,Auto loans,Finance & Investments,Don Hankey
Don Hankey,2025,408,7.8,United States,Auto loans,Finance & Investments,Don Hankey
Donald Bren,1996,205,2.0,United States,,,Donald Bren
Donald Bren,1997,165,2.0,United States,,,Donald Bren
Donald Bren,1998,132,2.6,United States,,,Donald Bren
Donald Bren,2001,118,4.0,United States,,Real Estate,Donald Bren
Donald Bren,2002,95,4.0,United States,,Real Estate,Donald Bren
Donald Bren,2003,100,4.0,United States,,Real Estate,Donald Bren
Donald Bren,2004,116,4.0,United States,,Real Estate,Donald Bren
Donald Bren,2005,110,4.3,United States,,Real Estate,Donald Bren
Donald Bren,2006,90,5.7,United States,,Real Estate,Donald Bren
Donald Bren,2007,76,8.5,United States,,Real Estate,Donald Bren
Donald Bren,2008,55,13.0,United States,,Real Estate,Donald Bren
Donald Bren,2009,27,12.0,United States,,Real Estate,Donald Bren
Donald Bren,2010,47,12.0,United States,real estate,Real Estate,Donald Bren
Donald Bren,2011,65,12.0,United States,real estate,Real Estate,Donald Bren
Donald Bren,2012,71,12.0,United States,real estate,Real Estate,Donald Bren
Donald Bren,2013,72,13.0,United States,real estate,Real Estate,Donald Bren
Donald Bren,2014,70,14.4,United States,real estate,Real Estate,Donald Bren
Donald Bren,2015,64,15.2,United States,real estate,Real Estate,Donald Bren
Donald Bren,2016,54,15.1,United States,real estate,Real Estate,Donald Bren
Donald Bren,2017,67,15.2,United States,real estate,Real Estate,Donald Bren
Donald Bren,2018,81,16.3,United States,real estate,Real Estate,Donald Bren
Donald Bren,2019,68,16.4,United States,real estate,Real Estate,Donald Bren
Donald Bren,2020,63,15.5,United States,real estate,Real Estate,Donald Bren
Donald Bren,2021,132,15.3,United States,real estate,Real Estate,Donald Bren
Donald Bren,2022,112,16.2,United States,real estate,Real Estate,Donald Bren
Donald Bren,2023,98,17.4,United States,Real estate,Real Estate,Donald Bren
Donald Bren,2024,106,18.0,United States,Real estate,Real Estate,Donald Bren
Donald Bren,2025,105,18.9,United States,Real estate,Real Estate,Donald Bren
Donald Friese,2016,1788,1.0,United States,manufacturing,Manufacturing,Donald Friese
Donald Friese,2017,1765,1.2,United States,manufacturing,Manufacturing,Donald Friese
Donald Friese,2018,1964,1.2,United States,manufacturing,Manufacturing,Donald Friese
Donald Friese,2019,1908,1.2,United States,manufacturing,Manufacturing,Donald Friese
Donald Friese,2020,1953,1.1,United States,manufacturing,Manufacturing,Donald Friese
Donald Friese,2021,2647,1.1,United States,manufacturing,Manufacturing,Donald Friese
Donald Friese,2022,2559,1.1,United States,manufacturing,Manufacturing,Donald Friese
Donald Friese,2023,2501,1.1,United States,Manufacturing,Manufacturing,Donald Friese
Donald Friese,2024,2505,1.2,United States,Manufacturing,Manufacturing,Donald Friese
Donald Friese,2025,2742,1.2,United States,Manufacturing,Manufacturing,Donald Friese
Donald Sterling,2012,864,1.5,United States,Real Estate,Real Estate,Donald Sterling
Donald Sterling,2013,794,1.9,United States,real estate,Real Estate,Donald Sterling
Donald Sterling,2014,938,1.9,United States,real estate,Real Estate,Donald Sterling
Donald Sterling,2015,632,2.9,United States,real estate,Real Estate,Donald Sterling
Donald Sterling,2016,551,3.1,United States,real estate,Real Estate,Donald Sterling
Donald Sterling,2017,549,3.5,United States,real estate,Real Estate,Donald Sterling
Donald Sterling,2018,655,3.5,United States,real estate,Real Estate,Donald Sterling
Donald Sterling,2019,599,3.6,United States,real estate,Real Estate,Donald Sterling
Donald Sterling,2020,518,3.6,United States,real estate,Real Estate,Donald Sterling
Donald Sterling,2021,780,3.8,United States,real estate,Real Estate,Donald Sterling
Donald Sterling,2022,767,3.9,United States,real estate,Real Estate,Donald Sterling
Donald Sterling,2023,682,4.1,United States,Real estate,Real Estate,Donald Sterling
Donald Sterling,2024,790,4.0,United States,Real estate,Real Estate,Donald Sterling
Donald Sterling,2025,849,4.3,United States,Real estate,Real Estate,Donald Sterling
Doris Fisher,1996,341,1.2,United States,,,Doris Fisher
Doris Fisher,1999,93,4.3,United States,,,Doris Fisher
Doris Fisher,2001,161,3.2,United States,,Retail,Doris Fisher
Doris Fisher,2002,291,1.5,United States,,Retail,Doris Fisher
Doris Fisher,2003,316,1.6,United States,,Apparel,Doris Fisher
Doris Fisher,2004,261,2.1,United States,,Apparel,Doris Fisher
Doris Fisher,2005,428,1.3,United States,,Fashion and Retail,Doris Fisher
Doris Fisher,2010,393,2.5,United States,Gap,Fashion and Retail,Doris Fisher
Doris Fisher,2011,536,2.3,United States,Gap,Fashion and Retail,Doris Fisher
Doris Fisher,2012,569,2.3,United States,Gap,Fashion and Retail,Doris Fisher
Doris Fisher,2013,521,2.8,United States,Gap,Fashion and Retail,Doris Fisher
Doris Fisher,2014,499,3.3,United States,Gap,Fashion and Retail,Doris Fisher
Doris Fisher,2015,571,3.2,United States,Gap,Fashion and Retail,Doris Fisher
Doris Fisher,2016,683,2.6,United States,Gap,Fashion & Retail,Doris Fisher
Doris Fisher,2017,805,2.6,United States,Gap,Fashion & Retail,Doris Fisher
Doris Fisher,2018,880,2.8,United States,Gap,Fashion & Retail,Doris Fisher
Doris Fisher,2019,905,2.6,United States,Gap,Fashion & Retail,Doris Fisher
Doris Fisher,2020,993,2.2,United States,Gap,Fashion & Retail,Doris Fisher
Doris Fisher,2021,1155,2.8,United States,Gap,Fashion & Retail,Doris Fisher
Doris Fisher,2022,1221,2.6,United States,Gap,Fashion & Retail,Doris Fisher
Doris Fisher,2023,1303,2.4,United States,Gap,Fashion & Retail,Doris Fisher
Doris Fisher,2024,2124,1.5,United States,Gap,Fashion & Retail,Doris Fisher
Doris Fisher,2025,2332,1.5,United States,Gap,Fashion & Retail,Doris Fisher
Douglas Leone,2015,871,2.2,United States,venture capital,Investments,Douglas Leone
Douglas Leone,2016,752,2.4,United States,venture capital,Finance and Investments,Douglas Leone
Douglas Leone,2017,703,2.9,United States,venture capital,Finance and Investments,Douglas Leone
Douglas Leone,2018,664,3.5,United States,venture capital,Finance and Investments,Douglas Leone
Douglas Leone,2019,583,3.7,United States,venture capital,Finance and Investments,Douglas Leone
Douglas Leone,2020,552,3.5,United States,venture capital,Finance & Investments,Douglas Leone
Douglas Leone,2021,481,5.8,United States,venture capital,Finance & Investments,Douglas Leone
Douglas Leone,2022,355,6.9,United States,venture capital,Finance & Investments,Douglas Leone
Douglas Leone,2023,506,5.3,United States,Venture capital,Finance & Investments,Douglas Leone
Douglas Leone,2024,378,7.2,United States,Venture capital,Finance & Investments,Douglas Leone
Douglas Leone,2025,367,8.3,United States,Venture capital,Finance & Investments,Douglas Leone
Drew Houston,2014,1420,1.2,United States,Dropbox,Technology,Drew Houston
Drew Houston,2015,1571,1.2,United States,Dropbox,Technology,Drew Houston
Drew Houston,2016,1773,1.0,United States,Dropbox,Technology,Drew Houston
Drew Houston,2017,2009,1.0,United States,Dropbox,Technology,Drew Houston
Drew Houston,2018,2087,1.1,United States,cloud storage service,Technology,Drew Houston
Drew Houston,2019,1041,2.3,United States,cloud storage service,Technology,Drew Houston
Dustin Moskovitz,2011,429,2.7,United States,Facebook,Technology,Dustin Moskovitz
Dustin Moskovitz,2012,321,3.5,United States,Facebook,Technology,Dustin Moskovitz
Dustin Moskovitz,2013,357,3.8,United States,Facebook,Technology,Dustin Moskovitz
Dustin Moskovitz,2014,202,6.8,United States,Facebook,Technology,Dustin Moskovitz
Dustin Moskovitz,2015,170,7.9,United States,Facebook,Technology,Dustin Moskovitz
Dustin Moskovitz,2016,125,8.9,United States,Facebook,Technology,Dustin Moskovitz
Dustin Moskovitz,2017,124,10.7,United States,Facebook,Technology,Dustin Moskovitz
Dustin Moskovitz,2018,103,14.0,United States,Facebook,Technology,Dustin Moskovitz
Dustin Moskovitz,2019,124,11.1,United States,Facebook,Technology,Dustin Moskovitz
Dustin Moskovitz,2020,146,9.3,United States,Facebook,Technology,Dustin Moskovitz
Dustin Moskovitz,2021,108,17.8,United States,Facebook,Technology,Dustin Moskovitz
Dustin Moskovitz,2022,168,11.5,United States,Facebook,Technology,Dustin Moskovitz
Dustin Moskovitz,2023,226,8.8,United States,Facebook,Technology,Dustin Moskovitz
Dustin Moskovitz,2024,103,18.3,United States,Facebook,Technology,Dustin Moskovitz
Dustin Moskovitz,2025,119,17.0,United States,Facebook,Technology,Dustin Moskovitz
Eduardo Vivas,2025,1635,2.2,United States,"marketing software, mobile games",Media & Entertainment,Eduardo Vivas
Edward Glazer,2024,1920,1.7,United States,"Manchester United, Tampa Bay Buccaneers",Sports,Edward Glazer
Edward Glazer,2025,2086,1.7,United States,"Manchester United, Tampa Bay Buccaneers",Sports,Edward Glazer
Edward Roski Jr,2005,463,1.1,United States,,Real Estate,Edward Roski
Edward Roski Jr,2006,574,1.1,United States,,Real Estate,Edward Roski
Edward Roski Jr,2007,490,1.8,United States,,Real Estate,Edward Roski
Edward Roski Jr,2008,484,2.3,United States,,Real Estate,Edward Roski Jr
Edward Roski Jr,2009,386,1.8,United States,,Real Estate,Edward Roski Jr
Edward Roski Jr,2010,668,1.5,United States,real estate,Real Estate,Edward Roski Jr
Edward Roski Jr,2011,573,2.1,United States,real estate,Real Estate,Edward Roski Jr
Edward Roski Jr,2012,605,2.1,United States,real estate,Real Estate,Edward Roski Jr
Edward Roski Jr,2013,368,3.7,United States,real estate,Real Estate,Edward Roski Jr
Edward Roski Jr,2014,470,3.4,United States,real estate,Real Estate,Edward Roski Jr
Edward Roski Jr,2015,422,4.0,United States,real estate,Real Estate,Edward Roski Jr
Edward Roski Jr,2016,405,3.8,United States,real estate,Real Estate,Edward Roski Jr
Edward Roski Jr,2017,326,5.0,United States,real estate,Real Estate,Edward Roski Jr
Edward Roski Jr,2018,352,5.4,United States,real estate,Real Estate,Edward Roski Jr
Edward Roski Jr,2019,326,5.4,United States,real estate,Real Estate,Edward Roski Jr
Edward Roski Jr,2020,654,3.1,United States,real estate,Real Estate,Edward Roski Jr
Edward Roski Jr,2021,505,5.5,United States,real estate,Real Estate,Edward Roski Jr
Edward Roski Jr,2022,477,5.6,United States,real estate,Real Estate,Edward Roski Jr
Edward Roski Jr,2023,371,6.7,United States,Real estate,Real Estate,Edward Roski Jr
Edward Roski Jr,2024,387,7.1,United States,Real estate,Real Estate,Edward Roski Jr
Edward Roski Jr,2025,405,7.8,United States,Real estate,Real Estate,Edward Roski Jr
Edythe Broad,2022,360,6.9,United States,"homebuilding, insurance",Diversified,Edythe Broad
Edythe Broad,2023,350,6.9,United States,"Homebuilding, insurance",Diversified,Edythe Broad
Edythe Broad,2024,397,7.0,United States,"Homebuilding, insurance",Diversified,Edythe Broad
Edythe Broad,2025,486,7.0,United States,"Homebuilding, insurance",Diversified,Edythe Broad
Egon Durban,2020,1825,1.2,United States,private equity,Finance & Investments,Egon Durban
Egon Durban,2021,2347,1.3,United States,private equity,Finance & Investments,Egon Durban
Egon Durban,2022,2041,1.5,United States,private equity,Finance & Investments,Egon Durban
Egon Durban,2023,1997,1.5,United States,Private equity,Finance & Investments,Egon Durban
Egon Durban,2024,1485,2.3,United States,Private equity,Finance & Investments,Egon Durban
Egon Durban,2025,1616,2.3,United States,Private equity,Finance & Investments,Egon Durban
Eric Schmidt,2005,173,2.8,United States,,,Eric Schmidt
Eric Schmidt,2006,113,4.8,United States,,,Eric Schmidt
Eric Schmidt,2007,107,6.2,United States,,,Eric Schmidt
Eric Schmidt,2008,134,6.6,United States,,Technology,Eric Schmidt
Eric Schmidt,2009,112,4.4,United States,,Technology,Eric Schmidt
Eric Schmidt,2010,117,6.3,United States,Google,Technology,Eric Schmidt
Eric Schmidt,2011,139,7.0,United States,Google,Technology,Eric Schmidt
Eric Schmidt,2012,138,6.9,United States,Google,Technology,Eric Schmidt
Eric Schmidt,2013,139,8.2,United States,Google,Technology,Eric Schmidt
Eric Schmidt,2014,132,9.3,United States,Google,Technology,Eric Schmidt
Eric Schmidt,2015,137,9.1,United States,Google,Technology,Eric Schmidt
Eric Schmidt,2016,100,10.2,United States,Google,Technology,Eric Schmidt
Eric Schmidt,2017,119,11.1,United States,Google,Technology,Eric Schmidt
Eric Schmidt,2018,106,13.4,United States,Google,Technology,Eric Schmidt
Eric Schmidt,2019,101,12.9,United States,Google,Technology,Eric Schmidt
Eric Schmidt,2020,84,13.2,United States,Google,Technology,Eric Schmidt
Eric Schmidt,2021,97,18.9,United States,Google,Technology,Eric Schmidt
Eric Schmidt,2022,70,22.1,United States,Google,Technology,Eric Schmidt
Eric Schmidt,2023,104,16.2,United States,Google,Technology,Eric Schmidt
Eric Schmidt,2024,95,20.6,United States,Google,Technology,Eric Schmidt
Eric Schmidt,2025,82,24.0,United States,Google,Technology,Eric Schmidt
Eric Smidt,2017,1045,2.0,United States,hardware stores,Fashion & Retail,Eric Smidt
Eric Smidt,2018,1028,2.4,United States,hardware stores,Fashion & Retail,Eric Smidt
Eric Smidt,2019,844,2.7,United States,hardware stores,Fashion & Retail,Eric Smidt
Eric Smidt,2020,685,3.0,United States,hardware stores,Fashion & Retail,Eric Smidt
Eric Smidt,2021,614,4.7,United States,hardware stores,Fashion & Retail,Eric Smidt
Eric Smidt,2022,482,5.5,United States,hardware stores,Fashion & Retail,Eric Smidt
Eric Smidt,2023,208,9.2,United States,Hardware stores,Fashion & Retail,Eric Smidt
Eric Smidt,2024,169,11.7,United States,Hardware stores,Fashion & Retail,Eric Smidt
Eric Smidt,2025,136,15.6,United States,Hardware stores,Fashion & Retail,Eric Smidt
Eric Yuan,2020,293,5.5,United States,video conferencing,Technology,Eric Yuan
Eric Yuan,2021,133,14.9,United States,video conferencing,Technology,Eric Yuan
Eric Yuan,2022,523,5.2,United States,Zoom Video Communications,Technology,Eric Yuan
Eric Yuan,2023,853,3.4,United States,Zoom Video Communications,Technology,Eric Yuan
Eric Yuan,2024,757,4.2,United States,Zoom Video Communications,Technology,Eric Yuan
Eric Yuan,2025,767,4.7,United States,Zoom Video Communications,Technology,Eric Yuan
Evan Spiegel,2015,1260,1.5,United States,Snapchat,Technology,Evan Spiegel
Evan Spiegel,2016,858,2.1,United States,Snapchat,Technology,Evan Spiegel
Evan Spiegel,2017,442,4.0,United States,Snapchat,Technology,Evan Spiegel
Evan Spiegel,2018,529,4.1,United States,Snapchat,Technology,Evan Spiegel
Evan Spiegel,2019,1122,2.1,United States,Snapchat,Technology,Evan Spiegel
Evan Spiegel,2020,1149,1.9,United States,Snapchat,Technology,Evan Spiegel
Evan Spiegel,2021,197,11.1,United States,Snapchat,Technology,Evan Spiegel
Evan Spiegel,2022,419,6.1,United States,Snapchat,Media & Entertainment,Evan Spiegel
Evan Spiegel,2023,1111,2.7,United States,Snapchat,Technology,Evan Spiegel
Evan Spiegel,2024,1067,3.1,United States,Snapchat,Technology,Evan Spiegel
Evan Spiegel,2025,1273,2.9,United States,Snapchat,Technology,Evan Spiegel
Evan Williams,2014,446,3.5,United States,Twitter,Technology,Evan Williams
Evan Williams,2015,629,2.9,United States,Twitter,Technology,Evan Williams
Evan Williams,2016,1380,1.3,United States,Twitter,Technology,Evan Williams
Evan Williams,2017,1468,1.4,United States,Twitter,Technology,Evan Williams
Evan Williams,2018,1296,1.9,United States,Twitter,Technology,Evan Williams
Evan Williams,2019,1432,1.6,United States,Twitter,Technology,Evan Williams
Evan Williams,2020,1204,1.8,United States,Twitter,Technology,Evan Williams
Evan Williams,2021,1210,2.6,United States,Twitter,Technology,Evan Williams
Evan Williams,2022,1518,2.0,United States,Twitter,Technology,Evan Williams
Evan Williams,2023,1655,1.8,United States,Twitter,Technology,Evan Williams
Evan Williams,2024,1698,1.9,United States,Twitter,Technology,Evan Williams
Evan Williams,2025,1772,2.0,United States,Twitter,Technology,Evan Williams
Frank Slootman,2021,1685,1.9,United States,software,Technology,Frank Slootman
Frank Slootman,2022,1659,1.8,United States,software,Technology,Frank Slootman
Frank Slootman,2023,1935,1.5,United States,Software,Technology,Frank Slootman
Frank Slootman,2024,1111,3.0,United States,Software,Technology,Frank Slootman
Frank Slootman,2025,1312,2.8,United States,Software,Technology,Frank Slootman
Fred Ehrsam,2021,1730,1.9,United States,cryptocurrency exchange,Finance & Investments,Fred Ehrsam
Fred Ehrsam,2022,1497,2.1,United States,cryptocurrency exchange,Finance & Investments,Fred Ehrsam
Fred Ehrsam,2024,1091,3.1,United States,cryptocurrency exchange,Finance & Investments,Fred Ehrsam
Fred Ehrsam,2025,1398,2.7,United States,cryptocurrency exchange,Finance & Investments,Fred Ehrsam
Frederic Luddy,2019,1991,1.1,United States,software,Technology,Frederic Luddy
Frederic Luddy,2020,1915,1.1,United States,software,Technology,Frederic Luddy
Frederic Luddy,2021,2453,1.2,United States,software,Technology,Frederic Luddy
Frederic Luddy,2022,2254,1.3,United States,software,Technology,Frederic Luddy
Frederic Luddy,2023,2340,1.2,United States,Software,Technology,Frederic Luddy
Frederic Luddy,2024,2210,1.4,United States,Software,Technology,Frederic Luddy
Frederic Luddy,2025,2414,1.4,United States,Software,Technology,Frederic Luddy
Gary Michelson,2006,513,1.3,United States,,Health Care,Gary Michelson
Gary Michelson,2007,620,1.4,United States,,Health Care,Gary Michelson
Gary Michelson,2008,723,1.5,United States,,Health care,Gary Michelson
Gary Michelson,2009,546,1.3,United States,,Health care,Gary Michelson
Gary Michelson,2010,794,1.3,United States,medical patents,Health care,Gary Michelson
Gary Michelson,2011,897,1.4,United States,medical patents,Health care,Gary Michelson
Gary Michelson,2012,936,1.4,United States,medical patents,Health care,Gary Michelson
Gary Michelson,2013,1058,1.4,United States,medical patents,Health care,Gary Michelson
Gary Michelson,2014,1166,1.5,United States,medical patents,Healthcare,Gary Michelson
Gary Michelson,2015,1232,1.55,United States,medical patents,Healthcare,Gary Michelson
Gary Michelson,2016,1149,1.6,United States,medical patents,Healthcare,Gary Michelson
Gary Michelson,2017,1261,1.7,United States,medical patents,Healthcare,Gary Michelson
Gary Michelson,2018,1422,1.7,United States,medical patents,Healthcare,Gary Michelson
Gary Michelson,2019,1376,1.7,United States,medical patents,Healthcare,Gary Michelson
Gary Michelson,2020,1295,1.7,United States,medical patents,Healthcare,Gary Michelson
Gary Michelson,2021,1871,1.7,United States,medical patents,Healthcare,Gary Michelson
Gary Michelson,2022,1676,1.8,United States,medical patents,Healthcare,Gary Michelson
Gary Michelson,2023,1686,1.8,United States,Medical patents,Healthcare,Gary Michelson
Gary Michelson,2024,1795,1.8,United States,Medical patents,Healthcare,Gary Michelson
Gary Michelson,2025,1974,1.8,United States,Medical patents,Healthcare,Gary Michelson
Geoffrey Palmer,2023,923,3.2,United States,Real estate,Real Estate,Geoffrey Palmer
Geoffrey Palmer,2024,1075,3.1,United States,Real estate,Real Estate,Geoffrey Palmer
Geoffrey Palmer,2025,1799,2.0,United States,Real estate,Real Estate,Geoffrey Palmer
George Argyros,2004,530,1.0,United States,,Real Estate,George Argyros
George Argyros,2005,458,1.2,United States,,Real Estate,George Argyros
George Argyros,2006,496,1.4,United States,,Real Estate,George Argyros
George Argyros,2007,528,1.7,United States,,Real Estate,George Argyros
George Argyros,2008,667,1.7,United States,,Real Estate,George Argyros
George Argyros,2009,566,1.3,United States,,Real Estate,George Argyros
George Argyros,2010,718,1.5,United States,"real estate, investments",Real Estate,George Argyros
George Argyros,2011,778,1.7,United States,"real estate, investments",Real Estate,George Argyros
George Argyros,2012,761,1.8,United States,"real estate, investments",Real Estate,George Argyros
George Argyros,2013,784,2.0,United States,"real estate, investments",Real Estate,George Argyros
George Argyros,2014,759,2.4,United States,"real estate, investments",Real Estate,George Argyros
George Argyros,2015,995,2.0,United States,"real estate, investments",Real Estate,George Argyros
George Argyros,2016,1067,1.8,United States,"real estate, investments",Real Estate,George Argyros
George Argyros,2017,970,2.2,United States,"real estate, investments",Real Estate,George Argyros
George Argyros,2018,1069,2.4,United States,"real estate, investments",Real Estate,George Argyros
George Argyros,2019,959,2.5,United States,"real estate, investments",Real Estate,George Argyros
George Argyros,2020,1194,1.9,United States,"real estate, investments",Real Estate,George Argyros
George Argyros,2021,1659,2.0,United States,"real estate, investments",Real Estate,George Argyros
George Argyros,2022,1339,2.4,United States,"real estate, investments",Real Estate,George Argyros
George Argyros,2023,1433,2.2,United States,"Real estate, investments",Real Estate,George Argyros
George Argyros,2024,1099,3.1,United States,"Real estate, investments",Real Estate,George Argyros
George Argyros,2025,1137,3.3,United States,"Real estate, investments",Real Estate,George Argyros
George Joseph,2005,470,1.1,United States,,Health Care,George Joseph
George Joseph,2006,581,1.1,United States,,Finance,George Joseph
George Joseph,2007,721,1.1,United States,,Finance,George Joseph
George Joseph,2008,847,1.2,United States,,Finance,George Joseph
George Joseph,2010,987,1.0,United States,insurance,Finance,George Joseph
George Joseph,2011,1177,1.0,United States,insurance,Finance,George Joseph
George Joseph,2012,1058,1.2,United States,insurance,Finance,George Joseph
George Joseph,2013,1262,1.15,United States,insurance,Finance and Investments,George Joseph
George Joseph,2014,1331,1.3,United States,insurance,Finance and Investments,George Joseph
George Joseph,2015,1283,1.5,United States,insurance,Finance and Investments,George Joseph
George Joseph,2016,1249,1.5,United States,insurance,Finance and Investments,George Joseph
George Joseph,2017,1330,1.6,United States,insurance,Finance and Investments,George Joseph
George Joseph,2018,1713,1.4,United States,insurance,Finance and Investments,George Joseph
George Joseph,2019,1472,1.6,United States,insurance,Finance and Investments,George Joseph
George Joseph,2020,1566,1.4,United States,insurance,Finance & Investments,George Joseph
George Joseph,2021,1631,2.0,United States,insurance,Finance & Investments,George Joseph
George Joseph,2022,1691,1.8,United States,insurance,Finance & Investments,George Joseph
George Joseph,2023,2210,1.3,United States,Insurance,Finance & Investments,George Joseph
George Joseph,2024,1901,1.7,United States,Insurance,Finance & Investments,George Joseph
George Joseph,2025,1904,1.9,United States,Insurance,Finance & Investments,George Joseph
George Lucas,1996,201,2.0,United States,,,George Lucas
George Lucas,1997,171,2.0,United States,,,George Lucas
George Lucas,1998,178,2.0,United States,,,George Lucas
George Lucas,2001,171,3.0,United States,,Media,George Lucas
George Lucas,2002,131,3.0,United States,,Media,George Lucas
George Lucas,2003,143,3.0,United States,,Media,George Lucas
George Lucas,2004,159,3.0,United States,,Media,George Lucas
George Lucas,2005,164,3.0,United States,,Media,George Lucas
George Lucas,2006,170,3.5,United States,,Media,George Lucas
George Lucas,2007,221,3.6,United States,,Media,George Lucas
George Lucas,2008,258,3.9,United States,,Media,George Lucas
George Lucas,2009,203,3.0,United States,,Media,George Lucas
George Lucas,2010,324,3.0,United States,Star Wars,Media,George Lucas
George Lucas,2011,355,3.2,United States,Star Wars,Media,George Lucas
George Lucas,2012,359,3.2,United States,Star Wars,Media,George Lucas
George Lucas,2013,351,3.9,United States,Star Wars,Media,George Lucas
George Lucas,2014,298,4.9,United States,Star Wars,Media,George Lucas
George Lucas,2015,312,5.0,United States,Star Wars,Media & Entertainment,George Lucas
George Lucas,2016,332,4.5,United States,Star Wars,Media & Entertainment,George Lucas
George Lucas,2017,298,5.3,United States,Star Wars,Media & Entertainment,George Lucas
George Lucas,2018,376,5.2,United States,Star Wars,Media & Entertainment,George Lucas
George Lucas,2019,327,5.4,United States,Star Wars,Media & Entertainment,George Lucas
George Lucas,2020,378,4.6,United States,Star Wars,Media & Entertainment,George Lucas
George Lucas,2021,341,7.4,United States,Star Wars,Media & Entertainment,George Lucas
George Lucas,2022,420,6.1,United States,Star Wars,Media & Entertainment,George Lucas
George Lucas,2023,541,5.0,United States,Star Wars,Media & Entertainment,George Lucas
George Lucas,2024,554,5.5,United States,Star Wars,Media & Entertainment,George Lucas
George Lucas,2025,709,5.1,United States,Star Wars,Media & Entertainment,George Lucas
George Marcus,2016,1744,1.0,United States,real estate,Real Estate,George Marcus
George Marcus,2017,1980,1.0,United States,real estate,Real Estate,George Marcus
George Marcus,2018,2160,1.0,United States,real estate,Real Estate,George Marcus
George Marcus,2019,1653,1.4,United States,real estate,Real Estate,George Marcus
George Marcus,2020,1782,1.2,United States,real estate,Real Estate,George Marcus
George Marcus,2021,2087,1.5,United States,real estate,Real Estate,George Marcus
George Marcus,2022,1678,1.8,United States,real estate,Real Estate,George Marcus
George Marcus,2023,2186,1.3,United States,Real estate,Real Estate,George Marcus
George Marcus,2024,2092,1.5,United States,Real estate,Real Estate,George Marcus
George Marcus,2025,2055,1.7,United States,Real estate,Real Estate,George Marcus
George Roberts,2001,362,1.5,United States,,Finance,George Roberts
George Roberts,2002,325,1.3,United States,,Finance,George Roberts
George Roberts,2003,375,1.3,United States,,Finance,George Roberts
George Roberts,2004,411,1.3,United States,,Finance,George Roberts
George Roberts,2005,365,1.5,United States,,Finance,George Roberts
George Roberts,2006,255,2.5,United States,,Finance,George Roberts
George Roberts,2007,317,2.6,United States,,Finance,George Roberts
George Roberts,2008,168,5.5,United States,,Investments,George Roberts
George Roberts,2009,240,2.6,United States,,Investments,George Roberts
George Roberts,2010,241,3.8,United States,leveraged buyouts,Investments,George Roberts
George Roberts,2011,303,3.7,United States,leveraged buyouts,Investments,George Roberts
George Roberts,2012,304,3.6,United States,leveraged buyouts,Investments,George Roberts
George Roberts,2013,319,4.1,United States,leveraged buyouts,Investments,George Roberts
George Roberts,2014,282,5.0,United States,private equity,Investments,George Roberts
George Roberts,2015,292,5.2,United States,private equity,Finance and Investments,George Roberts
George Roberts,2016,372,4.1,United States,private equity,Finance and Investments,George Roberts
George Roberts,2017,327,5.0,United States,private equity,Finance and Investments,George Roberts
George Roberts,2018,353,5.4,United States,private equity,Finance and Investments,George Roberts
George Roberts,2019,320,5.5,United States,private equity,Finance and Investments,George Roberts
George Roberts,2020,310,5.3,United States,private equity,Finance & Investments,George Roberts
George Roberts,2021,328,7.6,United States,private equity,Finance & Investments,George Roberts
George Roberts,2022,286,8.0,United States,private equity,Finance & Investments,George Roberts
George Roberts,2023,252,8.2,United States,Private equity,Finance & Investments,George Roberts
George Roberts,2024,154,12.7,United States,Private equity,Finance & Investments,George Roberts
George Roberts,2025,151,14.7,United States,Private equity,Finance & Investments,George Roberts
Gordon Getty,1996,237,1.7,United States,,,Gordon Getty
Gordon Getty,2001,234,2.3,United States,,Energy,Gordon Getty
Gordon Getty,2002,206,2.1,United States,,Energy,Gordon Getty
Gordon Getty,2003,234,2.1,United States,,Energy,Gordon Getty
Gordon Getty,2004,258,2.1,United States,,Energy,Gordon Getty
Gordon Getty,2005,258,2.1,United States,,Energy,Gordon Getty
Gordon Getty,2006,303,2.2,United States,,Energy,Gordon Getty
Gordon Getty,2007,374,2.3,United States,,Energy,Gordon Getty
Gordon Getty,2008,471,2.4,United States,,Energy,Gordon Getty
Gordon Getty,2009,353,2.0,United States,,Energy,Gordon Getty
Gordon Getty,2010,524,2.0,United States,"inheritance, oil",Energy,Gordon Getty
Gordon Getty,2011,634,2.0,United States,Getty Oil,Energy,Gordon Getty
Gordon Getty,2012,667,2.0,United States,Getty Oil,Energy,Gordon Getty
Gordon Getty,2013,761,2.0,United States,Getty Oil,Energy,Gordon Getty
Gordon Getty,2014,907,2.0,United States,Getty Oil,Energy,Gordon Getty
Gordon Getty,2015,934,2.1,United States,Getty Oil,Energy,Gordon Getty
Gordon Getty,2016,893,2.1,United States,Getty Oil,Energy,Gordon Getty
Gordon Getty,2017,1012,2.1,United States,Getty Oil,Energy,Gordon Getty
Gordon Getty,2018,1203,2.1,United States,Getty Oil,Energy,Gordon Getty
Gordon Getty,2019,1150,2.1,United States,Getty Oil,Energy,Gordon Getty
Gordon Getty,2020,1044,2.1,United States,Getty Oil,Energy,Gordon Getty
Gordon Getty,2021,1566,2.1,United States,Getty Oil,Energy,Gordon Getty
Gordon Getty,2022,1491,2.1,United States,Getty Oil,Energy,Gordon Getty
Gordon Getty,2023,1496,2.1,United States,Getty Oil,Energy,Gordon Getty
Gordon Getty,2024,1601,2.1,United States,Getty Oil,Energy,Gordon Getty
Gordon Getty,2025,726,5.0,United States,Getty Oil,Energy,Gordon Getty
Gwendolyn Sontheim Meyer,2012,349,3.3,United States,Cargill Inc.,Food and Beverage,Gwendolyn Sontheim Meyer
Gwendolyn Sontheim Meyer,2013,402,3.4,United States,Cargill Inc.,Food and Beverage,Gwendolyn Sontheim Meyer
Gwendolyn Sontheim Meyer,2014,312,4.8,United States,Cargill Inc.,Food and Beverage,Gwendolyn Sontheim Meyer
Gwendolyn Sontheim Meyer,2015,470,3.7,United States,Cargill,Food and Beverage,Gwendolyn Sontheim Meyer
Gwendolyn Sontheim Meyer,2016,443,3.6,United States,Cargill,Food and Beverage,Gwendolyn Sontheim Meyer
Gwendolyn Sontheim Meyer,2017,408,4.3,United States,Cargill,Food and Beverage,Gwendolyn Sontheim Meyer
Gwendolyn Sontheim Meyer,2018,446,4.7,United States,Cargill,Food and Beverage,Gwendolyn Sontheim Meyer
Gwendolyn Sontheim Meyer,2019,463,4.3,United States,Cargill,Food and Beverage,Gwendolyn Sontheim Meyer
Gwendolyn Sontheim Meyer,2020,692,3.0,United States,Cargill,Food & Beverage,Gwendolyn Sontheim Meyer
Gwendolyn Sontheim Meyer,2021,741,4.0,United States,Cargill,Food & Beverage,Gwendolyn Sontheim Meyer
Gwendolyn Sontheim Meyer,2022,484,5.5,United States,Cargill,Food & Beverage,Gwendolyn Sontheim Meyer
Gwendolyn Sontheim Meyer,2023,645,4.3,United States,Cargill,Food & Beverage,Gwendolyn Sontheim Meyer
Gwendolyn Sontheim Meyer,2024,690,4.6,United States,Cargill,Food & Beverage,Gwendolyn Sontheim Meyer
Gwendolyn Sontheim Meyer,2025,791,4.6,United States,Cargill,Food & Beverage,Gwendolyn Sontheim Meyer
Haim Saban,2001,403,1.3,United States,,Media,Haim Saban
Haim Saban,2002,247,1.7,United States,,Media,Haim Saban
Haim Saban,2003,281,1.7,United States,,Media,Haim Saban
Haim Saban,2004,321,1.7,United States,,Media,Haim Saban
Haim Saban,2005,225,2.3,United States,,Media,Haim Saban
Haim Saban,2006,213,2.8,United States,,Media,Haim Saban
Haim Saban,2007,291,2.8,United States,,Media,Haim Saban
Haim Saban,2008,302,3.4,United States,,Media,Haim Saban
Haim Saban,2009,257,2.5,United States,,Media,Haim Saban
Haim Saban,2010,287,3.3,United States,television,Media,Haim Saban
Haim Saban,2011,329,3.4,United States,television,Media,Haim Saban
Haim Saban,2012,407,2.9,United States,television,Media,Haim Saban
Haim Saban,2013,439,3.1,United States,television,Media,Haim Saban
Haim Saban,2014,469,3.4,United States,television,Media,Haim Saban
Haim Saban,2015,500,3.5,United States,"TV network, investments",Media,Haim Saban
Haim Saban,2016,458,3.5,United States,"TV network, investments",Media & Entertainment,Haim Saban
Haim Saban,2017,668,3.0,United States,"TV network, investments",Media & Entertainment,Haim Saban
Haim Saban,2018,738,3.2,United States,"TV network, investments",Media & Entertainment,Haim Saban
Haim Saban,2019,811,2.8,United States,"TV network, investments",Media & Entertainment,Haim Saban
Haim Saban,2020,773,2.7,United States,"TV network, investments",Media & Entertainment,Haim Saban
Haim Saban,2021,1027,3.0,United States,"TV network, investments",Media & Entertainment,Haim Saban
Haim Saban,2022,992,3.1,United States,"TV network, investments",Media & Entertainment,Haim Saban
Haim Saban,2023,1034,2.9,United States,"TV network, investments",Media & Entertainment,Haim Saban
Haim Saban,2024,1113,3.0,United States,"TV network, investments",Media & Entertainment,Haim Saban
Haim Saban,2025,1181,3.1,United States,"TV network, investments",Media & Entertainment,Haim Saban
Henry Nicholas III,2000,67,5.4,United States,,,Henry Nicholas
Henry Nicholas III,2001,225,2.4,United States,,,Henry Nicholas
Henry Nicholas III,2002,191,2.2,United States,,,Henry Nicholas
Henry Nicholas III,2003,455,1.1,United States,,,Henry Nicholas
Henry Nicholas III,2004,266,2.0,United States,,,Henry Nicholas
Henry Nicholas III,2005,324,1.7,United States,,,Henry Nicholas
Henry Nicholas III,2006,226,2.7,United States,,,Henry Nicholas
Henry Nicholas III,2007,386,2.2,United States,,,Henry Nicholas
Henry Nicholas III,2008,624,1.8,United States,,Technology,Henry Nicholas III
Henry Nicholas III,2009,582,1.2,United States,,Technology,Henry Nicholas III
Henry Nicholas III,2010,675,1.5,United States,Broadcom,Technology,Henry Nicholas III
Henry Nicholas III,2011,702,1.8,United States,Broadcom,Technology,Henry Nicholas III
Henry Nicholas III,2012,935,1.4,United States,semiconductors,Technology,Henry Nicholas III
Henry Nicholas III,2013,1057,1.4,United States,semiconductors,Technology,Henry Nicholas III
Henry Nicholas III,2014,1314,1.3,United States,semiconductors,Technology,Henry Nicholas III
Henry Nicholas III,2015,1140,1.7,United States,semiconductors,Technology,Henry Nicholas III
Henry Nicholas III,2016,928,2.0,United States,semiconductors,Technology,Henry Nicholas III
Henry Nicholas III,2017,676,3.0,United States,semiconductors,Technology,Henry Nicholas III
Henry Nicholas III,2018,707,3.3,United States,semiconductors,Technology,Henry Nicholas III
Henry Nicholas III,2019,552,3.8,United States,semiconductors,Technology,Henry Nicholas III
Henry Nicholas III,2020,780,2.7,United States,semiconductors,Technology,Henry Nicholas III
Henry Nicholas III,2021,523,5.4,United States,semiconductors,Technology,Henry Nicholas III
Henry Nicholas III,2022,393,6.5,United States,semiconductors,Technology,Henry Nicholas III
Henry Nicholas III,2023,384,6.6,United States,Semiconductors,Technology,Henry Nicholas III
Henry Nicholas III,2024,167,11.9,United States,Semiconductors,Technology,Henry Nicholas III
Henry Nicholas III,2025,133,16.2,United States,Semiconductors,Technology,Henry Nicholas III
Henry Samueli,2000,72,5.1,United States,,,Henry Samueli
Henry Samueli,2001,229,2.3,United States,,,Henry Samueli
Henry Samueli,2002,201,2.1,United States,,,Henry Samueli
Henry Samueli,2003,453,1.1,United States,,,Henry Samueli
Henry Samueli,2004,299,1.8,United States,,,Henry Samueli
Henry Samueli,2005,338,1.6,United States,,,Henry Samueli
Henry Samueli,2006,276,2.4,United States,,,Henry Samueli
Henry Samueli,2007,405,2.1,United States,,,Henry Samueli
Henry Samueli,2008,595,1.9,United States,,Technology,Henry Samueli
Henry Samueli,2009,539,1.3,United States,,Technology,Henry Samueli
Henry Samueli,2010,597,1.7,United States,Broadcom,Technology,Henry Samueli
Henry Samueli,2011,607,2.0,United States,Broadcom,Technology,Henry Samueli
Henry Samueli,2012,734,1.8,United States,semiconductors,Technology,Henry Samueli
Henry Samueli,2013,895,1.7,United States,semiconductors,Technology,Henry Samueli
Henry Samueli,2014,927,1.95,United States,semiconductors,Technology,Henry Samueli
Henry Samueli,2015,791,2.4,United States,semiconductors,Technology,Henry Samueli
Henry Samueli,2016,669,2.6,United States,semiconductors,Technology,Henry Samueli
Henry Samueli,2017,527,3.6,United States,semiconductors,Technology,Henry Samueli
Henry Samueli,2018,590,3.8,United States,semiconductors,Technology,Henry Samueli
Henry Samueli,2019,456,4.3,United States,semiconductors,Technology,Henry Samueli
Henry Samueli,2020,546,3.5,United States,semiconductors,Technology,Henry Samueli
Henry Samueli,2021,441,6.1,United States,semiconductors,Technology,Henry Samueli
Henry Samueli,2022,325,7.3,United States,semiconductors,Technology,Henry Samueli
Henry Samueli,2023,284,7.7,United States,Semiconductors,Technology,Henry Samueli
Henry Samueli,2024,132,14.1,United States,Semiconductors,Technology,Henry Samueli
Henry Samueli,2025,101,19.7,United States,Semiconductors,Technology,Henry Samueli
Herald Chen,2025,2910,1.1,United States,"Marketing software, mobile games",Technology,Herald Chen
Holden Spaht,2024,999,3.3,United States,Private equity,Finance & Investments,Holden Spaht
Holden Spaht,2025,989,3.7,United States,Private equity,Finance & Investments,Holden Spaht
Irving Grousbeck,2023,1874,1.6,United States,"Telecommunication, sports",Sports,Irving Grousbeck
Irving Grousbeck,2024,1824,1.8,United States,"Telecommunication, sports",Sports,Irving Grousbeck
Irving Grousbeck,2025,1675,2.2,United States,"Telecommunication, sports",Sports,Irving Grousbeck
Jack Clark,2025,2763,1.2,United States,Artificial intelligence,Technology,Jack Clark
Jack Dangermond,2010,531,2.0,United States,mapping software,Technology,Jack Dangermond
Jack Dangermond,2011,558,2.2,United States,mapping software,Technology,Jack Dangermond
Jack Dangermond,2012,596,2.2,United States,mapping software,Technology,Jack Dangermond
Jack Dangermond,2013,580,2.6,United States,mapping software,Technology,Jack Dangermond
Jack Dangermond,2014,722,2.5,United States,mapping software,Technology,Jack Dangermond
Jack Dangermond,2015,654,2.9,United States,mapping software,Technology,Jack Dangermond
Jack Dangermond,2016,590,3.0,United States,mapping software,Technology,Jack & Laura Dangermond
Jack Dangermond,2017,624,3.2,United States,mapping software,Technology,Jack & Laura Dangermond
Jack Dangermond,2018,546,4.1,United States,mapping software,Technology,Jack Dangermond
Jack Dangermond,2019,519,4.0,United States,mapping software,Technology,Jack Dangermond
Jack Dangermond,2020,466,4.0,United States,mapping software,Technology,Jack Dangermond
Jack Dangermond,2021,500,5.6,United States,mapping software,Technology,Jack Dangermond
Jack Dangermond,2022,400,6.4,United States,mapping software,Technology,Jack Dangermond
Jack Dangermond,2023,340,7.0,United States,Mapping software,Technology,Jack Dangermond
Jack Dangermond,2024,240,9.7,United States,Mapping software,Technology,Jack Dangermond
Jack Dangermond,2025,340,8.9,United States,Mapping software,Technology,Jack Dangermond
Jack Dorsey,2013,1324,1.1,United States,technology startups,Technology,Jack Dorsey
Jack Dorsey,2014,817,2.2,United States,Twitter,Technology,Jack Dorsey
Jack Dorsey,2015,707,2.7,United States,Twitter,Technology,Jack Dorsey
Jack Dorsey,2016,1794,1.0,United States,Twitter,Technology,Jack Dorsey
Jack Dorsey,2017,1648,1.3,United States,Twitter,Technology,Jack Dorsey
Jack Dorsey,2018,786,3.1,United States,"Twitter, Square",Technology,Jack Dorsey
Jack Dorsey,2019,352,5.1,United States,"Twitter, Square",Technology,Jack Dorsey
Jack Dorsey,2020,829,2.6,United States,"Twitter, Square",Technology,Jack Dorsey
Jack Dorsey,2021,176,12.5,United States,"Twitter, Square",Technology,Jack Dorsey
Jack Dorsey,2022,422,6.1,United States,"Twitter, Square",Technology,Jack Dorsey
Jack Dorsey,2023,607,4.6,United States,"Twitter, Square",Technology,Jack Dorsey
Jack Dorsey,2024,641,4.9,United States,"Twitter, Square",Technology,Jack Dorsey
Jack Dorsey,2025,944,3.9,United States,"Twitter, Square",Technology,Jack Dorsey
James Scapa,2021,2420,1.2,United States,software,Technology,James Scapa
James Scapa,2022,2232,1.3,United States,software,Technology,James Scapa
James Scapa,2023,2163,1.3,United States,Software,Technology,James Scapa
James Scapa,2024,1873,1.7,United States,Software,Technology,James Scapa
James Scapa,2025,1644,2.2,United States,Software,Technology,James Scapa
Jan Koum,2014,203,6.8,United States,WhatsApp,Technology,Jan Koum
Jan Koum,2015,211,6.6,United States,WhatsApp,Technology,Jan Koum
Jan Koum,2016,130,8.6,United States,WhatsApp,Technology,Jan Koum
Jan Koum,2017,142,9.0,United States,WhatsApp,Technology,Jan Koum
Jan Koum,2018,171,9.1,United States,WhatsApp,Technology,Jan Koum
Jan Koum,2019,145,9.6,United States,WhatsApp,Technology,Jan Koum
Jan Koum,2020,140,9.7,United States,WhatsApp,Technology,Jan Koum
Jan Koum,2021,230,9.9,United States,WhatsApp,Technology,Jan Koum
Jan Koum,2022,212,9.8,United States,WhatsApp,Technology,Jan Koum
Jan Koum,2023,130,13.7,United States,WhatsApp,Technology,Jan Koum
Jan Koum,2024,117,16.1,United States,WhatsApp,Technology,Jan Koum
Jan Koum,2025,128,16.5,United States,WhatsApp,Technology,Jan Koum
Jared Kaplan,2025,2713,1.2,United States,Artificial intelligence,Technology,Jared Kaplan
Jay Paul,2015,1270,1.5,United States,real estate,Real Estate,Jay Paul
Jay Paul,2016,821,2.2,United States,real estate,Real Estate,Jay Paul
Jay Paul,2017,835,2.5,United States,real estate,Real Estate,Jay Paul
Jay Paul,2018,939,2.6,United States,real estate,Real Estate,Jay Paul
Jay Paul,2019,674,3.3,United States,real estate,Real Estate,Jay Paul
Jay Paul,2020,1019,2.1,United States,real estate,Real Estate,Jay Paul
Jay Paul,2021,903,3.4,United States,real estate,Real Estate,Jay Paul
Jay Paul,2022,923,3.3,United States,real estate,Real Estate,Jay Paul
Jay Paul,2023,644,4.3,United States,Real estate,Real Estate,Jay Paul
Jay Paul,2024,881,3.7,United States,Real estate,Real Estate,Jay Paul
Jay Paul,2025,1149,3.2,United States,Real estate,Real Estate,Jay Paul
Jayshree Ullal,2018,1775,1.3,United States,computer networking,Technology,Jayshree Ullal
Jayshree Ullal,2019,1843,1.2,United States,computer networking,Technology,Jayshree Ullal
Jayshree Ullal,2020,2012,1.0,United States,computer networking,Technology,Jayshree Ullal
Jayshree Ullal,2021,2159,1.4,United States,computer networking,Technology,Jayshree Ullal
Jayshree Ullal,2022,1457,2.1,United States,computer networking,Technology,Jayshree Ullal
Jayshree Ullal,2023,1321,2.3,United States,Computer networking,Technology,Jayshree Ullal
Jayshree Ullal,2024,900,3.6,United States,Computer networking,Technology,Jayshree Ullal
Jayshree Ullal,2025,870,4.2,United States,Computer networking,Technology,Jayshree Ullal
Jean (Gigi) Pritzker,2005,369,1.5,United States,,Investments,Jean (Gigi) Pritzker
Jean (Gigi) Pritzker,2006,384,1.7,United States,,Investments,Jean (Gigi) Pritzker
Jean (Gigi) Pritzker,2007,434,2.0,United States,,Investments,Jean (Gigi) Pritzker
Jean (Gigi) Pritzker,2008,460,2.4,United States,,Service,Jean (Gigi) Pritzker
Jean (Gigi) Pritzker,2009,690,1.0,United States,,Service,Jean (Gigi) Pritzker
Jean (Gigi) Pritzker,2010,788,1.3,United States,"hotels, investments",Service,Jean (Gigi) Pritzker
Jean (Gigi) Pritzker,2011,746,1.7,United States,"hotels, investments",Service,Jean (Gigi) Pritzker
Jean (Gigi) Pritzker,2012,694,1.9,United States,"hotels, investments",Service,Jean (Gigi) Pritzker
Jean (Gigi) Pritzker,2013,797,1.9,United States,"hotels, investments",Service,Jean (Gigi) Pritzker
Jean (Gigi) Pritzker,2014,774,2.3,United States,"hotels, investments",Service,Jean (Gigi) Pritzker
Jean (Gigi) Pritzker,2015,746,2.5,United States,"hotels, investments",Service,Jean (Gigi) Pritzker
Jean (Gigi) Pritzker,2016,867,2.1,United States,"hotels, investments",Service,Jean (Gigi) Pritzker
Jean (Gigi) Pritzker,2017,833,2.5,United States,"hotels, investments",Service,Jean (Gigi) Pritzker
Jean (Gigi) Pritzker,2018,802,3.0,United States,"hotels, investments",Service,Jean (Gigi) Pritzker
Jean (Gigi) Pritzker,2019,720,3.1,United States,"hotels, investments",Service,Jean (Gigi) Pritzker
Jean (Gigi) Pritzker,2020,921,2.3,United States,"hotels, investments",Service,Jean (Gigi) Pritzker
Jean (Gigi) Pritzker,2021,937,3.3,United States,"hotels, investments",Service,Jean (Gigi) Pritzker
Jean (Gigi) Pritzker,2022,741,4.0,United States,"hotels, investments",Service,Jean (Gigi) Pritzker
Jean (Gigi) Pritzker,2023,665,4.2,United States,"Hotels, investments",Service,Jean (Gigi) Pritzker
Jean (Gigi) Pritzker,2024,601,5.1,United States,"Hotels, investments",Service,Jean (Gigi) Pritzker
Jean (Gigi) Pritzker,2025,743,4.9,United States,"Hotels, investments",Service,Jean (Gigi) Pritzker
Jean-Marc Chapus,2025,2773,1.2,United States,Finance,Finance & Investments,Jean-Marc Chapus
Jed McCaleb,2021,1620,2.0,United States,cryptocurrency,Finance & Investments,Jed McCaleb
Jed McCaleb,2022,1260,2.5,United States,cryptocurrency,Finance & Investments,Jed McCaleb
Jed McCaleb,2023,1292,2.4,United States,Cryptocurrency,Finance & Investments,Jed McCaleb
Jed McCaleb,2024,1163,2.9,United States,Cryptocurrency,Finance & Investments,Jed McCaleb
Jed McCaleb,2025,1285,2.9,United States,Cryptocurrency,Finance & Investments,Jed McCaleb
Jeff Lawson,2021,1484,2.2,United States,software,Technology,Jeff Lawson
Jeff Lawson,2022,2630,1.0,United States,software,Technology,Jeff Lawson
Jeff Rothschild,2014,1389,1.2,United States,Facebook,Technology,Jeff Rothschild
Jeff Rothschild,2015,1341,1.4,United States,Facebook,Technology,Jeff Rothschild
Jeff Rothschild,2016,1030,1.8,United States,Facebook,Technology,Jeff Rothschild
Jeff Rothschild,2017,910,2.3,United States,Facebook,Technology,Jeff Rothschild
Jeff Rothschild,2018,832,2.9,United States,Facebook,Technology,Jeff Rothschild
Jeff Rothschild,2019,850,2.7,United States,Facebook,Technology,Jeff Rothschild
Jeff Rothschild,2020,885,2.4,United States,Facebook,Technology,Jeff Rothschild
Jeff Rothschild,2021,819,3.7,United States,Facebook,Technology,Jeff Rothschild
Jeff Rothschild,2022,1115,2.8,United States,Facebook,Technology,Jeff Rothschild
Jeff Rothschild,2023,1116,2.7,United States,Facebook,Technology,Jeff Rothschild
Jeff Rothschild,2024,499,5.9,United States,Facebook,Technology,Jeff Rothschild
Jeff Rothschild,2025,587,6.0,United States,Facebook,Technology,Jeff Rothschild
Jeff T. Green,2019,2022,1.1,United States,digital advertising,Media & Entertainment,Jeff Green
Jeff T. Green,2020,2069,1.0,United States,digital advertising,Media & Entertainment,Jeff Green
Jeff T. Green,2021,797,3.8,United States,online advertising,Media & Entertainment,Jeff T. Green
Jeff T. Green,2022,901,3.4,United States,digital advertising,Media & Entertainment,Jeff T. Green
Jeff T. Green,2023,972,3.1,United States,Digital advertising,Media & Entertainment,Jeff T. Green
Jeff T. Green,2024,708,4.5,United States,Digital advertising,Media & Entertainment,Jeff T. Green
Jeff T. Green,2025,941,3.9,United States,Digital advertising,Media & Entertainment,Jeff T. Green
Jeff Tangney,2022,1301,2.4,United States,healthcare IT,Healthcare,Jeff Tangney
Jeff Tangney,2023,1924,1.5,United States,Healthcare IT,Healthcare,Jeff Tangney
Jeff Tangney,2024,2066,1.5,United States,Healthcare IT,Healthcare,Jeff Tangney
Jeff Tangney,2025,1049,3.5,United States,Healthcare IT,Healthcare,Jeff Tangney
Jeffrey Gundlach,2015,1688,1.1,United States,investments,Finance and Investments,Jeffrey Gundlach
Jeffrey Gundlach,2016,1335,1.4,United States,investments,Finance and Investments,Jeffrey Gundlach
Jeffrey Gundlach,2017,1340,1.6,United States,investments,Finance and Investments,Jeffrey Gundlach
Jeffrey Gundlach,2018,1325,1.9,United States,investments,Finance and Investments,Jeffrey Gundlach
Jeffrey Gundlach,2019,1207,2.0,United States,investments,Finance and Investments,Jeffrey Gundlach
Jeffrey Gundlach,2020,1042,2.1,United States,investments,Finance & Investments,Jeffrey Gundlach
Jeffrey Gundlach,2021,1497,2.2,United States,investments,Finance & Investments,Jeffrey Gundlach
Jeffrey Gundlach,2022,1433,2.2,United States,investments,Finance & Investments,Jeffrey Gundlach
Jeffrey Gundlach,2023,1419,2.2,United States,Investments,Finance & Investments,Jeffrey Gundlach
Jeffrey Gundlach,2024,2016,1.6,United States,Investments,Finance & Investments,Jeffrey Gundlach
Jeffrey Gundlach,2025,2196,1.6,United States,Investments,Finance & Investments,Jeffrey Gundlach
Jensen Huang,2018,331,5.6,United States,semiconductors,Technology,Jensen Huang
Jensen Huang,2019,562,3.8,United States,semiconductors,Technology,Jensen Huang
Jensen Huang,2020,367,4.7,United States,semiconductors,Technology,Jensen Huang
Jensen Huang,2021,187,11.8,United States,semiconductors,Technology,Jensen Huang
Jensen Huang,2022,78,20.6,United States,semiconductors,Technology,Jensen Huang
Jensen Huang,2023,76,21.1,United States,Semiconductors,Technology,Jensen Huang
Jensen Huang,2024,20,77.0,United States,Semiconductors,Technology,Jensen Huang
Jensen Huang,2025,16,98.7,United States,Semiconductors,Technology,Jensen Huang
Jerry Yang,1999,108,4.0,United States,,,Jerry Yang
Jerry Yang,2000,50,6.4,United States,,,Jerry Yang
Jerry Yang,2001,500,1.0,United States,,,Jerry Yang
Jerry Yang,2004,278,1.9,United States,,,Jerry Yang
Jerry Yang,2005,187,2.6,United States,,,Jerry Yang
Jerry Yang,2006,270,2.4,United States,,,Jerry Yang
Jerry Yang,2007,380,2.2,United States,,,Jerry Yang
Jerry Yang,2008,478,2.3,United States,,Technology,Jerry Yang
Jerry Yang,2009,612,1.1,United States,,Technology,Jerry Yang
Jerry Yang,2010,773,1.3,United States,Yahoo,Technology,Jerry Yang
Jerry Yang,2011,939,1.3,United States,Yahoo,Technology,Jerry Yang
Jerry Yang,2012,1016,1.2,United States,Yahoo,Technology,Jerry Yang
Jerry Yang,2013,977,1.5,United States,Yahoo,Technology,Jerry Yang
Jerry Yang,2014,831,2.1,United States,Yahoo,Technology,Jerry Yang
Jerry Yang,2015,949,2.0,United States,Yahoo,Technology,Jerry Yang
Jerry Yang,2016,1203,1.5,United States,Yahoo,Technology,Jerry Yang
Jerry Yang,2017,898,2.3,United States,Yahoo,Technology,Jerry Yang
Jerry Yang,2018,926,2.6,United States,Yahoo,Technology,Jerry Yang
Jerry Yang,2019,880,2.6,United States,Yahoo,Technology,Jerry Yang
Jerry Yang,2020,877,2.4,United States,Yahoo,Technology,Jerry Yang
Jerry Yang,2021,1367,2.3,United States,Yahoo,Technology,Jerry Yang
Jerry Yang,2022,1166,2.7,United States,Yahoo,Technology,Jerry Yang
Jerry Yang,2023,1275,2.4,United States,Yahoo,Technology,Jerry Yang
Jerry Yang,2024,1288,2.6,United States,Yahoo,Technology,Jerry Yang
Jerry Yang,2025,1173,3.1,United States,Yahoo,Technology,Jerry Yang
Jim Coulter,2008,384,2.8,United States,,Investments,James Coulter
Jim Coulter,2010,705,1.5,United States,leveraged buyouts,Investments,James Coulter
Jim Coulter,2011,686,1.9,United States,leveraged buyouts,Investments,James Coulter
Jim Coulter,2012,713,1.9,United States,leveraged buyouts,Investments,James Coulter
Jim Coulter,2013,727,2.1,United States,leveraged buyouts,Investments,James Coulter
Jim Coulter,2014,863,2.1,United States,private equity,Investments,James Coulter
Jim Coulter,2015,889,2.2,United States,private equity,Finance and Investments,James Coulter
Jim Coulter,2016,901,2.1,United States,private equity,Finance and Investments,James Coulter
Jim Coulter,2017,1017,2.1,United States,private equity,Finance and Investments,James Coulter
Jim Coulter,2018,1147,2.2,United States,private equity,Finance and Investments,Jim Coulter
Jim Coulter,2019,1104,2.2,United States,private equity,Finance and Investments,Jim Coulter
Jim Coulter,2020,832,2.6,United States,private equity,Finance & Investments,Jim Coulter
Jim Coulter,2021,1429,2.3,United States,private equity,Finance & Investments,Jim Coulter
Jim Coulter,2022,1228,2.6,United States,private equity,Finance & Investments,Jim Coulter
Jim Coulter,2023,814,3.6,United States,Private equity,Finance & Investments,Jim Coulter
Jim Coulter,2024,710,4.5,United States,Private equity,Finance & Investments,Jim Coulter
Jim Coulter,2025,747,4.9,United States,Private equity,Finance & Investments,Jim Coulter
Joe Kiani,2023,2206,1.3,United States,Medical devices,Healthcare,Joe Kiani
Joe Kiani,2024,2631,1.1,United States,Medical devices,Healthcare,Joe Kiani
Joe Kiani,2025,2570,1.3,United States,Medical devices,Healthcare,Joe Kiani
Joe Lacob,2020,1796,1.2,United States,Golden State Warriors,Sports,Joe Lacob
Joe Lacob,2021,2463,1.2,United States,Golden State Warriors,Sports,Joe Lacob
Joe Lacob,2022,1994,1.5,United States,Golden State Warriors,Sports,Joe Lacob
Joe Lacob,2023,1693,1.8,United States,Golden State Warriors,Sports,Joe Lacob
Joe Lacob,2024,1591,2.1,United States,Golden State Warriors,Sports,Joe Lacob
Joe Lacob,2025,1604,2.3,United States,Golden State Warriors,Sports,Joe Lacob
Joe Lau,2022,1321,2.4,United States,"blockchain, technology",Technology,Joe Lau
Joe Lau,2023,1692,1.8,United States,"Blockchain, technology",Technology,Joe Lau
Joe Lau,2024,2103,1.5,United States,Blockchain technology,Technology,Joe Lau
Joe Lau,2025,2300,1.5,United States,Blockchain technology,Technology,Joe Lau
John A. Sobrato,2001,359,1.5,United States,,Real Estate,John Sobrato
John A. Sobrato,2002,387,1.1,United States,,Real Estate,John Sobrato
John A. Sobrato,2003,411,1.2,United States,,Real Estate,John Sobrato
John A. Sobrato,2004,408,1.3,United States,,Real Estate,John Sobrato
John A. Sobrato,2005,362,1.5,United States,,Real Estate,John Sobrato
John A. Sobrato,2006,327,2.0,United States,,Real Estate,John Sobrato
John A. Sobrato,2007,347,2.4,United States,,Real Estate,John Sobrato
John A. Sobrato,2008,274,3.6,United States,,Real Estate,John A. Sobrato
John A. Sobrato,2009,200,3.0,United States,,Real Estate,John A. Sobrato
John A. Sobrato,2010,343,2.9,United States,real estate,Real Estate,John A. Sobrato
John A. Sobrato,2011,338,3.3,United States,real estate,Real Estate,John A. Sobrato
John A. Sobrato,2012,332,3.4,United States,real estate,Real Estate,John A. Sobrato
John A. Sobrato,2013,346,3.9,United States,real estate,Real Estate,John A. Sobrato
John A. Sobrato,2014,330,4.5,United States,real estate,Real Estate,John A. Sobrato
John A. Sobrato,2015,342,4.7,United States,real estate,Real Estate,John A. Sobrato
John A. Sobrato,2016,216,5.8,United States,real estate,Real Estate,John A. Sobrato
John A. Sobrato,2017,225,6.4,United States,real estate,Real Estate,John A. Sobrato
John A. Sobrato,2018,265,6.4,United States,real estate,Real Estate,John A. Sobrato
John A. Sobrato,2019,244,6.5,United States,real estate,Real Estate,John A. Sobrato
John A. Sobrato,2020,417,4.3,United States,real estate,Real Estate,John A. Sobrato
John A. Sobrato,2021,454,6.0,United States,real estate,Real Estate,John A. Sobrato
John A. Sobrato,2022,443,5.8,United States,real estate,Real Estate,John A. Sobrato
John A. Sobrato,2023,370,6.7,United States,Real estate,Real Estate,John A. Sobrato
John A. Sobrato,2024,515,5.8,United States,Real estate,Real Estate,John A. Sobrato
John A. Sobrato,2025,622,5.7,United States,Real estate,Real Estate,John A. Sobrato
John Bicket,2020,1601,1.4,United States,sensor systems,Technology,John Bicket
John Bicket,2021,2665,1.1,United States,sensor systems,Technology,John Bicket
John Bicket,2022,1814,1.7,United States,sensor systems,Technology,John Bicket
John Bicket,2023,1365,2.3,United States,Sensor systems,Technology,John Bicket
John Bicket,2024,711,4.5,United States,Sensor systems,Technology,John Bicket
John Bicket,2025,928,4.0,United States,Sensor systems,Technology,John Bicket
John Doerr,2008,661,1.7,United States,,Technology,John Doerr
John Doerr,2009,602,1.2,United States,,Technology,John Doerr
John Doerr,2010,608,1.7,United States,venture capital,Technology,John Doerr
John Doerr,2011,556,2.2,United States,venture capital,Technology,John Doerr
John Doerr,2012,542,2.4,United States,venture capital,Technology,John Doerr
John Doerr,2013,549,2.7,United States,venture capital,Technology,John Doerr
John Doerr,2014,479,3.4,United States,venture capital,Technology,John Doerr
John Doerr,2015,529,3.4,United States,venture capital,Technology,John Doerr
John Doerr,2016,377,4.1,United States,venture capital,Technology,John Doerr
John Doerr,2017,311,5.2,United States,venture capital,Technology,John Doerr
John Doerr,2018,227,7.1,United States,venture capital,Technology,John Doerr
John Doerr,2019,222,6.9,United States,venture capital,Technology,John Doerr
John Doerr,2020,204,7.3,United States,venture capital,Technology,John Doerr
John Doerr,2021,179,12.4,United States,venture capital,Technology,John Doerr
John Doerr,2022,147,12.7,United States,venture capital,Technology,John Doerr
John Doerr,2023,228,8.8,United States,Venture capital,Technology,John Doerr
John Doerr,2024,171,11.7,United States,Venture capital,Finance & Investments,John Doerr
John Doerr,2025,171,13.8,United States,Venture capital,Finance & Investments,John Doerr
John Fisher,2001,298,1.8,United States,,Retail,John Fisher
John Fisher,2005,332,1.7,United States,,Retail,John Fisher
John Fisher,2006,528,1.3,United States,,Retail,John Fisher
John Fisher,2007,602,1.5,United States,,Retail,John Fisher
John Fisher,2008,699,1.6,United States,,Fashion and Retail,John Fisher
John Fisher,2009,600,1.2,United States,,Fashion and Retail,John Fisher
John Fisher,2010,922,1.1,United States,Gap,Fashion and Retail,John Fisher
John Fisher,2011,921,1.4,United States,Gap,Fashion and Retail,John Fisher
John Fisher,2012,669,2.0,United States,Gap,Fashion and Retail,John Fisher
John Fisher,2013,695,2.2,United States,Gap,Fashion and Retail,John Fisher
John Fisher,2014,600,2.9,United States,Gap,Fashion and Retail,John Fisher
John Fisher,2015,651,2.9,United States,Gap,Fashion & Retail,John Fisher
John Fisher,2016,844,2.2,United States,Gap,Fashion & Retail,John Fisher
John Fisher,2017,962,2.2,United States,Gap,Fashion & Retail,John Fisher
John Fisher,2018,879,2.8,United States,Gap,Fashion & Retail,John Fisher
John Fisher,2019,904,2.6,United States,Gap,Fashion & Retail,John Fisher
John Fisher,2020,1046,2.1,United States,Gap,Fashion & Retail,John Fisher
John Fisher,2021,1001,3.1,United States,Gap,Fashion & Retail,John Fisher
John Fisher,2022,1327,2.4,United States,Gap,Fashion & Retail,John Fisher
John Fisher,2023,1354,2.3,United States,Gap,Fashion & Retail,John Fisher
John Fisher,2024,1130,3.0,United States,Gap,Fashion & Retail,John Fisher
John Fisher,2025,1205,3.1,United States,Gap,Fashion & Retail,John Fisher
John Pritzker,2005,368,1.5,United States,,Investments,John Pritzker
John Pritzker,2006,383,1.7,United States,,Investments,John Pritzker
John Pritzker,2007,433,2.0,United States,,Investments,John Pritzker
John Pritzker,2008,486,2.3,United States,,Investments,John Pritzker
John Pritzker,2009,689,1.0,United States,,Investments,John Pritzker
John Pritzker,2010,787,1.3,United States,"hotels, investments",Investments,John Pritzker
John Pritzker,2011,698,1.8,United States,"hotels, investments",Investments,John Pritzker
John Pritzker,2012,737,1.8,United States,"hotels, investments",Investments,John Pritzker
John Pritzker,2013,828,1.85,United States,"hotels, investments",Investments,John Pritzker
John Pritzker,2014,886,2.0,United States,"hotels, investments",Investments,John Pritzker
John Pritzker,2015,861,2.2,United States,"hotels, investments",Finance and Investments,John Pritzker
John Pritzker,2016,783,2.3,United States,"hotels, investments",Finance and Investments,John Pritzker
John Pritzker,2017,878,2.4,United States,"hotels, investments",Finance and Investments,John Pritzker
John Pritzker,2018,1033,2.4,United States,"hotels, investments",Finance and Investments,John Pritzker
John Pritzker,2019,890,2.6,United States,"hotels, investments",Finance and Investments,John Pritzker
John Pritzker,2020,812,2.6,United States,"hotels, investments",Finance & Investments,John Pritzker
John Pritzker,2021,1265,2.5,United States,"hotels, investments",Finance & Investments,John Pritzker
John Pritzker,2022,1169,2.7,United States,"hotels, investments",Finance & Investments,John Pritzker
John Pritzker,2023,1233,2.5,United States,"Hotels, investments",Finance & Investments,John Pritzker
John Pritzker,2024,1252,2.7,United States,"Hotels, investments",Finance & Investments,John Pritzker
John Pritzker,2025,1378,2.7,United States,"Hotels, investments",Finance & Investments,John Pritzker
John Tu,2008,422,2.5,United States,,Technology,John Tu
John Tu,2009,250,2.5,United States,,Technology,John Tu
John Tu,2010,376,2.5,United States,computer memory,Technology,John Tu
John Tu,2011,441,2.6,United States,computer memory,Technology,John Tu
John Tu,2012,419,2.8,United States,information technology,Technology,John Tu
John Tu,2013,559,2.6,United States,computer hardware,Technology,John Tu
John Tu,2014,328,4.5,United States,computer hardware,Technology,John Tu
John Tu,2015,310,5.0,United States,computer hardware,Technology,John Tu
John Tu,2016,324,4.5,United States,computer hardware,Technology,John Tu
John Tu,2017,294,5.3,United States,computer hardware,Technology,John Tu
John Tu,2018,318,5.7,United States,computer hardware,Technology,John Tu
John Tu,2019,396,4.7,United States,computer hardware,Technology,John Tu
John Tu,2020,427,4.2,United States,computer hardware,Technology,John Tu
John Tu,2021,256,9.1,United States,computer hardware,Technology,John Tu
John Tu,2022,473,5.6,United States,computer hardware,Technology,John Tu
John Tu,2023,366,6.7,United States,Computer hardware,Technology,John Tu
John Tu,2024,141,13.6,United States,Computer hardware,Technology,John Tu
John Tu,2025,165,14.0,United States,Computer hardware,Technology,John Tu
José E. Feliciano,2024,854,3.8,United States,Private equity,Finance & Investments,José E. Feliciano
José E. Feliciano,2025,838,4.4,United States,Private equity,Finance & Investments,José E. Feliciano
Kavitark Ram Shriram,2006,437,1.5,United States,,,Kavitark Ram Shriram
Kavitark Ram Shriram,2007,508,1.7,United States,,,Kavitark Ram Shriram
Kavitark Ram Shriram,2008,617,1.8,United States,,Technology,Kavitark Ram Shriram
Kavitark Ram Shriram,2009,574,1.2,United States,,Technology,Kavitark Ram Shriram
Kavitark Ram Shriram,2010,662,1.5,United States,"Venture capital, Google",Technology,Kavitark Ram Shriram
Kavitark Ram Shriram,2011,796,1.6,United States,"Venture capital, Google",Technology,Kavitark Ram Shriram
Kavitark Ram Shriram,2012,813,1.6,United States,"Venture capital, Google",Technology,Kavitark Ram Shriram
Kavitark Ram Shriram,2013,923,1.65,United States,"venture capital, Google",Technology,Kavitark Ram Shriram
Kavitark Ram Shriram,2014,975,1.85,United States,"venture capital, Google",Technology,Kavitark Ram Shriram
Kavitark Ram Shriram,2015,1009,1.9,United States,"venture capital, Google",Technology,Kavitark Ram Shriram
Kavitark Ram Shriram,2016,1028,1.8,United States,"venture capital, Google",Technology,Kavitark Ram Shriram
Kavitark Ram Shriram,2017,1047,2.0,United States,"venture capital, Google",Technology,Kavitark Ram Shriram
Kavitark Ram Shriram,2018,1167,2.1,United States,"venture capital, Google",Technology,Kavitark Ram Shriram
Kavitark Ram Shriram,2019,1123,2.1,United States,"venture capital, Google",Technology,Kavitark Ram Shriram
Kavitark Ram Shriram,2020,956,2.2,United States,"venture capital, Google",Technology,Kavitark Ram Shriram
Kavitark Ram Shriram,2021,1259,2.5,United States,"venture capital, Google",Technology,Kavitark Ram Shriram
Kavitark Ram Shriram,2022,1203,2.6,United States,"venture capital, Google",Technology,Kavitark Ram Shriram
Kavitark Ram Shriram,2023,1389,2.2,United States,"Venture capital, Google",Technology,Kavitark Ram Shriram
Kavitark Ram Shriram,2024,1294,2.6,United States,"Google, venture capital",Technology,Kavitark Ram Shriram
Kavitark Ram Shriram,2025,1228,3.0,United States,"Google, venture capital",Technology,Kavitark Ram Shriram
Ken Xie,2020,1624,1.3,United States,cybersecurity,Technology,Ken Xie
Ken Xie,2021,682,4.2,United States,cybersecurity,Technology,Ken Xie
Ken Xie,2022,460,5.7,United States,cybersecurity,Technology,Ken Xie
Ken Xie,2023,680,4.1,United States,Cybersecurity,Technology,Ken Xie
Ken Xie,2024,612,5.0,United States,Cybersecurity,Technology,Ken Xie
Ken Xie,2025,465,7.1,United States,Cybersecurity,Technology,Ken Xie
Kenneth Hao,2020,1810,1.2,United States,private equity,Finance & Investments,Kenneth Hao
Kenneth Hao,2021,2341,1.3,United States,private equity,Finance & Investments,Kenneth Hao
Kenneth Hao,2022,2019,1.5,United States,private equity,Finance & Investments,Kenneth Hao
Kenneth Hao,2023,1989,1.5,United States,Private equity,Finance & Investments,Kenneth Hao
Kenneth Hao,2024,1475,2.3,United States,Private equity,Finance & Investments,Kenneth Hao
Kenneth Hao,2025,1608,2.3,United States,Private equity,Finance & Investments,Kenneth Hao
Kevin Marchetti,2025,1245,3.0,United States,Diversified,Diversified,Kevin Marchetti
Kevin Systrom,2017,1706,1.2,United States,Instagram,Technology,Kevin Systrom
Kevin Systrom,2018,1579,1.5,United States,Instagram,Technology,Kevin Systrom
Kevin Systrom,2019,1627,1.4,United States,Instagram,Technology,Kevin Systrom
Kevin Systrom,2020,1637,1.3,United States,Instagram,Technology,Kevin Systrom
Kevin Systrom,2021,1683,1.9,United States,Instagram,Technology,Kevin Systrom
Kevin Systrom,2022,1949,1.5,United States,Instagram,Technology,Kevin Systrom
Kevin Systrom,2023,1929,1.5,United States,Instagram,Technology,Kevin Systrom
Kevin Systrom,2024,1193,2.8,United States,Instagram,Technology,Kevin Systrom
Kevin Systrom,2025,1143,3.2,United States,Instagram,Technology,Kevin Systrom
Kim Kardashian,2021,2727,1.0,United States,"cosmetics, reality TV",Fashion & Retail,Kim Kardashian
Kim Kardashian,2022,1690,1.8,United States,"cosmetics, reality TV",Fashion & Retail,Kim Kardashian
Kim Kardashian,2023,2355,1.2,United States,"Shapewear, cosmetics, reality TV",Fashion & Retail,Kim Kardashian
Kim Kardashian,2024,1900,1.7,United States,"Shapewear, skincare",Fashion & Retail,Kim Kardashian
Kim Kardashian,2025,2075,1.7,United States,"Shapewear, skincare",Fashion & Retail,Kim Kardashian
Larry Ellison,1996,19,6.0,United States,,,Lawrence Ellison
Larry Ellison,1997,32,7.1,United States,,,Lawrence Ellison
Larry Ellison,1998,45,5.8,United States,,,Lawrence Ellison
Larry Ellison,1999,23,9.5,United States,,,Lawrence Ellison
Larry Ellison,2000,2,47.0,United States,,,Lawrence Ellison
Larry Ellison,2001,6,26.0,United States,,Software,Lawrence Ellison
Larry Ellison,2002,6,23.5,United States,,Software,Lawrence Ellison
Larry Ellison,2003,7,16.6,United States,,Software,Lawrence Ellison
Larry Ellison,2004,12,18.7,United States,,Software,Lawrence Ellison
Larry Ellison,2005,9,18.4,United States,,Software,Lawrence Ellison
Larry Ellison,2006,14,16.0,United States,,Software,Lawrence Ellison
Larry Ellison,2007,11,21.5,United States,,Software,Lawrence Ellison
Larry Ellison,2008,14,25.0,United States,,Technology,Larry Ellison
Larry Ellison,2009,4,22.5,United States,,Technology,Larry Ellison
Larry Ellison,2010,6,28.0,United States,Oracle,Technology,Larry Ellison
Larry Ellison,2011,5,39.5,United States,Oracle,Technology,Larry Ellison
Larry Ellison,2012,6,36.0,United States,Oracle,Technology,Larry Ellison
Larry Ellison,2013,5,43.0,United States,Oracle,Technology,Larry Ellison
Larry Ellison,2014,5,48.0,United States,Oracle,Technology,Larry Ellison
Larry Ellison,2015,5,54.3,United States,Oracle,Technology,Larry Ellison
Larry Ellison,2016,7,43.6,United States,software,Technology,Larry Ellison
Larry Ellison,2017,7,52.2,United States,software,Technology,Larry Ellison
Larry Ellison,2018,10,58.5,United States,software,Technology,Larry Ellison
Larry Ellison,2019,7,62.5,United States,software,Technology,Larry Ellison
Larry Page,2004,519,1.0,United States,,,Larry Page
Larry Page,2005,50,7.2,United States,,,Larry Page
Larry Page,2006,24,12.8,United States,,,Larry Page
Larry Page,2007,26,16.6,United States,,,Larry Page
Larry Page,2008,32,18.6,United States,,,Larry Page
Larry Page,2009,25,12.0,United States,,Technology,Larry Page
Larry Page,2010,24,17.5,United States,Google,Technology,Larry Page
Larry Page,2011,24,19.8,United States,Google,Technology,Larry Page
Larry Page,2012,24,18.7,United States,Google,Technology,Larry Page
Larry Page,2013,20,23.0,United States,Google,Technology,Larry Page
Larry Page,2014,17,32.3,United States,Google,Technology,Larry Page
Larry Page,2015,19,29.7,United States,Google,Technology,Larry Page
Larry Page,2016,12,35.2,United States,Google,Technology,Larry Page
Larry Page,2017,12,40.7,United States,Google,Technology,Larry Page
Larry Page,2018,12,48.8,United States,Google,Technology,Larry Page
Larry Page,2019,10,50.8,United States,Google,Technology,Larry Page
Larry Page,2020,13,50.9,United States,Google,Technology,Larry Page
Larry Page,2021,8,91.5,United States,Google,Technology,Larry Page
Larry Page,2022,6,111.0,United States,Google,Technology,Larry Page
Larry Page,2023,12,79.2,United States,Google,Technology,Larry Page
Larry Page,2024,10,114.0,United States,Google,Technology,Larry Page
Larry Page,2025,7,144.0,United States,Google,Technology,Larry Page
Laurene Powell Jobs,2012,103,9.0,United States,"Apple, Disney",Technology,Laurene Powell Jobs
Laurene Powell Jobs,2013,98,10.7,United States,"Apple, Disney",Technology,Laurene Powell Jobs
Laurene Powell Jobs,2014,73,14.0,United States,"Apple, Disney",Technology,Laurene Powell Jobs
Laurene Powell Jobs,2015,45,19.5,United States,"Apple, Disney",Technology,Laurene Powell Jobs
Laurene Powell Jobs,2016,45,16.7,United States,"Apple, Disney",Technology,Laurene Powell Jobs
Laurene Powell Jobs,2017,40,20.0,United States,"Apple, Disney",,Laurene Powell Jobs
Laurene Powell Jobs,2018,59,18.8,United States,"Apple, Disney",,Laurene Powell Jobs
Laurene Powell Jobs,2019,54,18.6,United States,"Apple, Disney",,Laurene Powell Jobs
Laurene Powell Jobs,2020,59,16.4,United States,"Apple, Disney",Technology,Laurene Powell Jobs
Laurene Powell Jobs,2021,95,19.0,United States,"Apple, Disney",Technology,Laurene Powell Jobs
Laurene Powell Jobs,2022,110,16.4,United States,"Apple, Disney",Technology,Laurene Powell Jobs
Laurene Powell Jobs,2023,145,12.0,United States,"Apple, Disney",Technology,Laurene Powell Jobs
Laurene Powell Jobs,2024,153,12.8,United States,"Apple, Disney",Technology,Laurene Powell Jobs
Laurene Powell Jobs,2025,137,15.6,United States,"Apple, Disney",Technology,Laurene Powell Jobs
LeBron James,2023,2598,1.0,United States,Basketball,Sports,LeBron James
LeBron James,2024,2491,1.2,United States,Basketball,Sports,LeBron James
LeBron James,2025,2579,1.3,United States,Basketball,Sports,LeBron James
Lynda Resnick,2023,503,5.3,United States,Agriculture,Food & Beverage,Lynda Resnick
Lynda Resnick,2024,536,5.6,United States,Agriculture,Food & Beverage,Lynda Resnick
Lynda Resnick,2025,553,6.3,United States,Agriculture,Food & Beverage,Lynda Resnick
Lynsi Snyder,2018,1899,1.2,United States,In-N-Out Burger,Food and Beverage,Lynsi Snyder
Lynsi Snyder,2019,752,3.0,United States,In-N-Out Burger,Food and Beverage,Lynsi Snyder
Lynsi Snyder,2020,520,3.6,United States,In-N-Out Burger,Food & Beverage,Lynsi Snyder
Lynsi Snyder,2021,838,3.6,United States,In-N-Out Burger,Food & Beverage,Lynsi Snyder
Lynsi Snyder,2022,692,4.2,United States,In-N-Out Burger,Food & Beverage,Lynsi Snyder
Lynsi Snyder,2023,662,4.2,United States,In-N-Out Burger,Food & Beverage,Lynsi Snyder
Lynsi Snyder,2024,411,6.7,United States,In-N-Out Burger,Food & Beverage,Lynsi Snyder
Magic Johnson,2024,2489,1.2,United States,"Basketball, investments",Diversified,Magic Johnson
Magic Johnson,2025,2312,1.5,United States,"Basketball, investments",Diversified,Magic Johnson
Marc Andreessen,2017,2039,1.0,United States,venture capital investing,Finance and Investments,Marc Andreessen
Marc Andreessen,2018,1994,1.2,United States,venture capital investing,Finance and Investments,Marc Andreessen
Marc Andreessen,2019,1817,1.3,United States,venture capital investing,Finance and Investments,Marc Andreessen
Marc Andreessen,2020,1848,1.2,United States,venture capital investing,Finance & Investments,Marc Andreessen
Marc Andreessen,2021,1929,1.7,United States,venture capital investing,Finance & Investments,Marc Andreessen
Marc Andreessen,2022,1815,1.7,United States,venture capital investing,Finance & Investments,Marc Andreessen
Marc Andreessen,2023,1802,1.7,United States,Venture capital investing,Finance & Investments,Marc Andreessen
Marc Andreessen,2024,1760,1.9,United States,Venture capital investing,Finance & Investments,Marc Andreessen
Marc Andreessen,2025,1942,1.9,United States,Venture capital investing,Finance & Investments,Marc Andreessen
Marc Benioff,2007,758,1.0,United States,,,Marc Benioff
Marc Benioff,2008,858,1.2,United States,,Technology,Marc Benioff
Marc Benioff,2010,825,1.3,United States,Salesforce.com,Technology,Marc Benioff
Marc Benioff,2011,593,2.1,United States,Salesforce.com,Technology,Marc Benioff
Marc Benioff,2012,678,2.0,United States,business software,Technology,Marc Benioff
Marc Benioff,2013,586,2.6,United States,business software,Technology,Marc Benioff
Marc Benioff,2014,505,3.3,United States,business software,Technology,Marc Benioff
Marc Benioff,2015,530,3.4,United States,business software,Technology,Marc Benioff
Marc Benioff,2016,526,3.3,United States,business software,Technology,Marc Benioff
Marc Benioff,2017,458,4.0,United States,business software,Technology,Marc Benioff
Marc Benioff,2018,420,4.9,United States,business software,Technology,Marc Benioff
Marc Benioff,2019,243,6.6,United States,business software,Technology,Marc Benioff
Marc Benioff,2020,279,5.8,United States,business software,Technology,Marc Benioff
Marc Benioff,2021,296,8.4,United States,business software,Technology,Marc Benioff
Marc Benioff,2022,283,8.1,United States,business software,Technology,Marc Benioff
Marc Benioff,2023,343,7.0,United States,Business software,Technology,Marc Benioff
Marc Benioff,2024,209,10.6,United States,Business software,Technology,Marc Benioff
Marc Benioff,2025,286,9.8,United States,Business software,Technology,Marc Benioff
Marco DeGeorge,2025,784,4.7,United States,Alo Yoga,Fashion & Retail,Marco DeGeorge
Marijke Mars,2018,299,5.9,United States,"candy, pet food",Food and Beverage,Marijke Mars
Marijke Mars,2019,279,6.0,United States,"candy, pet food",Food and Beverage,Marijke Mars
Marijke Mars,2020,252,6.2,United States,"candy, pet food",Food & Beverage,Marijke Mars
Marijke Mars,2021,319,7.8,United States,"candy, pet food",Food & Beverage,Marijke Mars
Marijke Mars,2022,294,7.9,United States,"candy, pet food",Food & Beverage,Marijke Mars
Marijke Mars,2023,198,9.6,United States,"Candy, pet food",Food & Beverage,Marijke Mars
Marijke Mars,2024,248,9.6,United States,"Candy, pet food",Food & Beverage,Marijke Mars
Marijke Mars,2025,245,10.7,United States,"Candy, pet food",Food & Beverage,Marijke Mars
Marissa Mayer,2025,2977,1.0,United States,"Google, Yahoo",Technology,Marissa Mayer
Mark Attanasio,2025,1938,1.9,United States,Finance,Finance & Investments,Mark Attanasio
Mark Pincus,2011,1157,1.0,United States,Zynga,Technology,Mark Pincus
Mark Pincus,2012,738,1.8,United States,online gaming,Technology,Mark Pincus
Mark Pincus,2014,1489,1.1,United States,online games,Technology,Mark Pincus
Mark Pincus,2016,1739,1.0,United States,online games,Technology,Mark Pincus
Mark Pincus,2017,1723,1.2,United States,online games,Technology,Mark Pincus
Mark Pincus,2018,1593,1.5,United States,online games,Technology,Mark Pincus
Mark Pincus,2019,1864,1.2,United States,online games,Technology,Mark Pincus
Mark Pincus,2020,1773,1.2,United States,online games,Technology,Mark Pincus
Mark Pincus,2021,2076,1.5,United States,online games,Technology,Mark Pincus
Mark Pincus,2022,2112,1.4,United States,online games,Technology,Mark Pincus
Mark Pincus,2023,2320,1.2,United States,Online games,Technology,Mark Pincus
Mark Pincus,2024,2193,1.4,United States,Online games,Technology,Mark Pincus
Mark Pincus,2025,2393,1.4,United States,Online games,Technology,Mark Pincus
Mark Zuckerberg,2008,708,1.5,United States,,,Mark Zuckerberg
Mark Zuckerberg,2010,212,4.0,United States,Facebook,Technology,Mark Zuckerberg
Mark Zuckerberg,2011,52,13.5,United States,Facebook,Technology,Mark Zuckerberg
Mark Zuckerberg,2012,35,17.5,United States,Facebook,Technology,Mark Zuckerberg
Mark Zuckerberg,2013,66,13.3,United States,Facebook,Technology,Mark Zuckerberg
Mark Zuckerberg,2014,21,28.5,United States,Facebook,Technology,Mark Zuckerberg
Mark Zuckerberg,2015,16,33.4,United States,Facebook,Technology,Mark Zuckerberg
Mark Zuckerberg,2016,6,44.6,United States,Facebook,Technology,Mark Zuckerberg
Mark Zuckerberg,2017,5,56.0,United States,Facebook,Technology,Mark Zuckerberg
Mark Zuckerberg,2018,5,71.0,United States,Facebook,Technology,Mark Zuckerberg
Mark Zuckerberg,2019,8,62.3,United States,Facebook,Technology,Mark Zuckerberg
Mark Zuckerberg,2020,7,54.7,United States,Facebook,Technology,Mark Zuckerberg
Mark Zuckerberg,2021,5,97.0,United States,Facebook,Technology,Mark Zuckerberg
Mark Zuckerberg,2022,15,67.3,United States,Facebook,Technology,Mark Zuckerberg
Mark Zuckerberg,2023,16,64.4,United States,Facebook,Technology,Mark Zuckerberg
Mark Zuckerberg,2024,4,177.0,United States,Facebook,Technology,Mark Zuckerberg
Mark Zuckerberg,2025,2,216.0,United States,Facebook,Technology,Mark Zuckerberg
Max Levchin,2021,1483,2.2,United States,fintech,Finance & Investments,Max Levchin
Max Levchin,2024,2622,1.1,United States,fintech,Finance & Investments,Max Levchin
Max Levchin,2025,2298,1.5,United States,fintech,Finance & Investments,Max Levchin
Meg Whitman,2008,787,1.3,United States,,Technology,Meg Whitman
Meg Whitman,2009,613,1.1,United States,,Technology,Meg Whitman
Meg Whitman,2010,774,1.3,United States,Ebay,Technology,Meg Whitman
Meg Whitman,2011,941,1.3,United States,Ebay,Technology,Meg Whitman
Meg Whitman,2012,922,1.4,United States,Ebay,Technology,Meg Whitman
Meg Whitman,2013,792,1.9,United States,Ebay,Technology,Meg Whitman
Meg Whitman,2014,870,2.0,United States,Ebay,Technology,Meg Whitman
Meg Whitman,2015,951,2.0,United States,Ebay,Technology,Meg Whitman
Meg Whitman,2016,964,1.9,United States,eBay,Technology,Meg Whitman
Meg Whitman,2017,901,2.3,United States,eBay,Technology,Meg Whitman
Meg Whitman,2018,729,3.2,United States,eBay,Technology,Meg Whitman
Meg Whitman,2019,647,3.4,United States,eBay,Technology,Meg Whitman
Meg Whitman,2020,591,3.3,United States,eBay,Technology,Meg Whitman
Meg Whitman,2021,476,5.8,United States,eBay,Technology,Meg Whitman
Meg Whitman,2022,885,3.4,United States,eBay,Technology,Meg Whitman
Meg Whitman,2023,1070,2.8,United States,EBay,Technology,Meg Whitman
Meg Whitman,2024,1064,3.1,United States,EBay,Technology,Meg Whitman
Meg Whitman,2025,983,3.7,United States,EBay,Technology,Meg Whitman
Michael Milken,2005,499,1.0,United States,,Finance,Michael Milken
Michael Milken,2006,332,2.0,United States,,Finance,Michael Milken
Michael Milken,2007,408,2.1,United States,,Finance,Michael Milken
Michael Milken,2008,436,2.5,United States,,Investments,Michael Milken
Michael Milken,2009,332,2.0,United States,,Investments,Michael Milken
Michael Milken,2010,506,2.0,United States,investments,Investments,Michael Milken
Michael Milken,2011,577,2.1,United States,investments,Investments,Michael Milken
Michael Milken,2012,556,2.3,United States,investments,Investments,Michael Milken
Michael Milken,2013,649,2.3,United States,investments,Investments,Michael Milken
Michael Milken,2014,702,2.5,United States,investments,Investments,Michael Milken
Michael Milken,2015,757,2.5,United States,investments,Finance and Investments,Michael Milken
Michael Milken,2016,703,2.5,United States,investments,Finance and Investments,Michael Milken
Michael Milken,2017,532,3.6,United States,investments,Finance and Investments,Michael Milken
Michael Milken,2018,612,3.7,United States,investments,Finance and Investments,Michael Milken
Michael Milken,2019,607,3.6,United States,investments,Finance and Investments,Michael Milken
Michael Milken,2020,502,3.7,United States,investments,Finance & Investments,Michael Milken
Michael Milken,2021,824,3.7,United States,investments,Finance & Investments,Michael Milken
Michael Milken,2022,787,3.8,United States,investments,Finance & Investments,Michael Milken
Michael Milken,2023,427,6.0,United States,Investments,Finance & Investments,Michael Milken
Michael Milken,2024,427,6.5,United States,Investments,Finance & Investments,Michael Milken
Michael Milken,2025,481,7.0,United States,Investments,Finance & Investments,Michael Milken
Michael Moritz,2008,801,1.3,United States,,Technology,Michael Moritz
Michael Moritz,2010,677,1.5,United States,venture capital,Technology,Michael Moritz
Michael Moritz,2011,704,1.8,United States,venture capital,Technology,Michael Moritz
Michael Moritz,2012,780,1.7,United States,venture capital,Investments,Michael Moritz
Michael Moritz,2013,686,2.2,United States,venture capital,Investments,Michael Moritz
Michael Moritz,2014,624,2.8,United States,venture capital,Investments,Michael Moritz
Michael Moritz,2015,723,2.6,United States,venture capital,Investments,Michael Moritz
Michael Moritz,2016,675,2.6,United States,venture capital,Technology,Michael Moritz
Michael Moritz,2017,611,3.2,United States,venture capital,Technology,Michael Moritz
Michael Moritz,2018,559,4.0,United States,venture capital,Technology,Michael Moritz
Michael Moritz,2019,675,3.3,United States,venture capital,Technology,Michael Moritz
Michael Moritz,2020,572,3.4,United States,venture capital,Technology,Michael Moritz
Michael Moritz,2021,491,5.7,United States,venture capital,Technology,Michael Moritz
Michael Moritz,2022,433,5.9,United States,venture capital,Technology,Michael Moritz
Michael Moritz,2023,666,4.2,United States,Venture capital,Technology,Michael Moritz
Michael Moritz,2024,541,5.6,United States,Venture capital,Finance & Investments,Michael Moritz
Michael Moritz,2025,554,6.3,United States,Venture capital,Finance & Investments,Michael Moritz
Michael Teel,2025,2260,1.5,United States,supermarkets,Fashion & Retail,Michael Teel
Michael Xie,2021,1520,2.1,United States,cybersecurity,Technology,Michael Xie
Michael Xie,2022,884,3.4,United States,cybersecurity,Technology,Michael Xie
Michael Xie,2023,821,3.5,United States,Cybersecurity,Technology,Michael Xie
Michael Xie,2024,734,4.3,United States,Cybersecurity,Technology,Michael Xie
Michael Xie,2025,581,6.0,United States,Cybersecurity,Technology,Michael Xie
Mike Speiser,2021,2416,1.2,United States,software,Technology,Mike Speiser
Mike Speiser,2022,2601,1.0,United States,software,Technology,Mike Speiser
Mike Speiser,2023,2300,1.2,United States,Software,Technology,Mike Speiser
Mike Speiser,2024,2443,1.2,United States,Software,Technology,Mike Speiser
Mike Speiser,2025,2375,1.4,United States,Software,Technology,Mike Speiser
Nathan Blecharczyk,2015,1040,1.9,United States,Airbnb,Technology,Nathan Blecharczyk
Nathan Blecharczyk,2016,525,3.3,United States,Airbnb,Technology,Nathan Blecharczyk
Nathan Blecharczyk,2017,498,3.8,United States,Airbnb,Technology,Nathan Blecharczyk
Nathan Blecharczyk,2018,605,3.8,United States,Airbnb,Technology,Nathan Blecharczyk
Nathan Blecharczyk,2019,596,3.7,United States,Airbnb,Technology,Nathan Blecharczyk
Nathan Blecharczyk,2020,450,4.1,United States,Airbnb,Technology,Nathan Blecharczyk
Nathan Blecharczyk,2021,180,12.4,United States,Airbnb,Technology,Nathan Blecharczyk
Nathan Blecharczyk,2022,222,9.2,United States,Airbnb,Technology,Nathan Blecharczyk
Nathan Blecharczyk,2023,267,8.0,United States,Airbnb,Technology,Nathan Blecharczyk
Nathan Blecharczyk,2024,208,10.6,United States,Airbnb,Technology,Nathan Blecharczyk
Nathan Blecharczyk,2025,333,9.0,United States,Airbnb,Technology,Nathan Blecharczyk
Neal Blue,2020,449,4.1,United States,defense,Manufacturing,Neal Blue
Neal Blue,2021,953,3.3,United States,defense,Manufacturing,Neal Blue
Neal Blue,2022,1050,3.0,United States,defense,Manufacturing,Neal Blue
Neal Blue,2023,633,4.4,United States,Defense,Manufacturing,Neal Blue
Neal Blue,2024,986,3.4,United States,Defense,Manufacturing,Neal Blue
Neal Blue,2025,1168,3.2,United States,Defense,Manufacturing,Neal Blue
Nicholas Pritzker,2005,464,1.1,United States,,Investments,Nicholas Pritzker
Nicholas Pritzker,2006,511,1.3,United States,,Investments,Nicholas Pritzker
Nicholas Pritzker,2007,537,1.6,United States,,Investments,Nicholas Pritzker
Nicholas Pritzker,2008,527,2.1,United States,,Investments,Nicholas Pritzker
Nicholas Pritzker,2010,963,1.0,United States,"hotels, investments",Service,Nicholas Pritzker II
Nicholas Pritzker,2011,1016,1.2,United States,"hotels, investments",Service,Nicholas Pritzker II
Nicholas Pritzker,2012,971,1.3,United States,"hotels, investments",Service,Nicholas Pritzker II
Nicholas Pritzker,2013,1289,1.1,United States,"hotels, investments",Service,Nicholas Pritzker II
Nicholas Pritzker,2014,1228,1.4,United States,"hotels, investments",Service,Nicholas Pritzker II
Nicholas Pritzker,2015,1266,1.5,United States,"hotels, investments",Service,Nicholas Pritzker II
Nicholas Pritzker,2016,1302,1.4,United States,"hotels, investments",Service,Nicholas Pritzker II
Nicholas Pritzker,2017,1489,1.4,United States,"hotels, investments",Service,Nicholas Pritzker II
Nicholas Pritzker,2018,1591,1.5,United States,"hotels, investments",Service,Nicholas Pritzker II
Nicholas Pritzker,2019,1186,2.0,United States,"hotels, investments",Service,Nicholas Pritzker
Nicholas Pritzker,2020,1157,1.9,United States,"hotels, investments",Service,Nicholas Pritzker
Nicholas Pritzker,2021,1867,1.7,United States,"hotels, investments",Finance & Investments,Nicholas Pritzker
Nicholas Pritzker,2022,1116,2.8,United States,"hotels, investments",Finance & Investments,Nicholas Pritzker
Nicholas Pritzker,2023,1177,2.6,United States,"Hotels, investments",Finance & Investments,Nicholas Pritzker
Nicholas Pritzker,2024,1977,1.6,United States,"Hotels, investments",Finance & Investments,Nicholas Pritzker
Nicholas Pritzker,2025,2156,1.6,United States,"Hotels, investments",Finance & Investments,Nicholas Pritzker
Nicolas Berggruen,2009,404,1.8,United States,,Investments,Nicolas Berggruen
Nicolas Berggruen,2010,461,2.2,United States,investments,Investments,Nicolas Berggruen
Nicolas Berggruen,2011,563,2.2,United States,investments,Investments,Nicolas Berggruen
Nicolas Berggruen,2012,575,2.3,United States,investments,Investments,Nicolas Berggruen
Nicolas Berggruen,2013,774,2.0,United States,investments,Investments,Nicolas Berggruen
Nicolas Berggruen,2014,920,2.0,United States,investments,Finance and Investments,Nicolas Berggruen
Nicolas Berggruen,2015,1308,1.5,United States,investments,Finance and Investments,Nicolas Berggruen
Nicolas Berggruen,2016,1272,1.5,United States,investments,Finance and Investments,Nicolas Berggruen
Nicolas Berggruen,2017,1228,1.8,United States,investments,Finance and Investments,Nicolas Berggruen
Nicolas Berggruen,2018,1389,1.8,United States,investments,Finance and Investments,Nicolas Berggruen
Nicolas Berggruen,2019,1502,1.6,United States,investments,Finance and Investments,Nicolas Berggruen
Nicolas Berggruen,2020,1505,1.5,United States,investments,Finance & Investments,Nicolas Berggruen
Nicolas Berggruen,2021,1926,1.7,United States,investments,Finance & Investments,Nicolas Berggruen
Nicolas Berggruen,2022,1089,2.9,United States,"real estate, investments",Real Estate,Nicolas Berggruen
Nicolas Berggruen,2023,1024,3.0,United States,"Real estate, investments",Real Estate,Nicolas Berggruen
Nicolas Berggruen,2024,1059,3.2,United States,"Real estate, investments",Real Estate,Nicolas Berggruen
Nicolas Berggruen,2025,1169,3.2,United States,"Real estate, investments",Real Estate,Nicolas Berggruen
Nikil Viswanathan,2022,1295,2.4,United States,blockchain technology,Technology,Nikil Viswanathan
Nikil Viswanathan,2023,1657,1.8,United States,Blockchain technology,Technology,Nikil Viswanathan
Nikil Viswanathan,2024,2062,1.5,United States,Blockchain technology,Technology,Nikil Viswanathan
Nikil Viswanathan,2025,2253,1.5,United States,Blockchain technology,Technology,Nikil Viswanathan
Oprah Winfrey,2003,490,1.0,United States,,Media,Oprah Winfrey
Oprah Winfrey,2004,477,1.1,United States,,Media,Oprah Winfrey
Oprah Winfrey,2005,405,1.3,United States,,Media,Oprah Winfrey
Oprah Winfrey,2006,468,1.4,United States,,Media,Oprah Winfrey
Oprah Winfrey,2007,571,1.5,United States,,Media,Oprah Winfrey
Oprah Winfrey,2008,420,2.5,United States,,Media,Oprah Winfrey
Oprah Winfrey,2009,224,2.7,United States,,Media,Oprah Winfrey
Oprah Winfrey,2010,401,2.4,United States,television,Media,Oprah Winfrey
Oprah Winfrey,2011,425,2.7,United States,television,Celebrity,Oprah Winfrey
Oprah Winfrey,2012,443,2.7,United States,Television,Media,Oprah Winfrey
Oprah Winfrey,2013,505,2.8,United States,television,Media,Oprah Winfrey
Oprah Winfrey,2014,581,2.9,United States,television,Media,Oprah Winfrey
Oprah Winfrey,2015,605,3.0,United States,Television,Media,Oprah Winfrey
Oprah Winfrey,2016,570,3.0,United States,TV shows,Media & Entertainment,Oprah Winfrey
Oprah Winfrey,2017,662,3.0,United States,TV shows,Media & Entertainment,Oprah Winfrey
Oprah Winfrey,2018,889,2.7,United States,TV shows,Media & Entertainment,Oprah Winfrey
Oprah Winfrey,2019,919,2.5,United States,TV shows,Media & Entertainment,Oprah Winfrey
Oprah Winfrey,2020,837,2.5,United States,TV shows,Media & Entertainment,Oprah Winfrey
Oprah Winfrey,2021,1176,2.7,United States,TV shows,Media & Entertainment,Oprah Winfrey
Oprah Winfrey,2022,1197,2.6,United States,TV shows,Media & Entertainment,Oprah Winfrey
Oprah Winfrey,2023,1220,2.5,United States,TV shows,Media & Entertainment,Oprah Winfrey
Oprah Winfrey,2024,1188,2.8,United States,TV shows,Media & Entertainment,Oprah Winfrey
Oprah Winfrey,2025,1222,3.0,United States,TV shows,Media & Entertainment,Oprah Winfrey
Palmer Luckey,2023,1759,1.7,United States,Virtual reality,Technology,Palmer Luckey
Palmer Luckey,2024,1467,2.3,United States,"Virtual reality, defense technology",Technology,Palmer Luckey
Palmer Luckey,2025,1484,2.5,United States,"Virtual reality, defense technology",Technology,Palmer Luckey
Parker Conrad,2023,1713,1.8,United States,Software,Technology,Parker Conrad
Parker Conrad,2024,1679,2.0,United States,Software,Technology,Parker Conrad
Parker Conrad,2025,1351,2.8,United States,Software,Technology,Parker Conrad
Patrick Hanrahan,2020,1947,1.1,United States,software,Technology,Patrick Hanrahan
Patrick Hanrahan,2021,1893,1.7,United States,software,Technology,Patrick Hanrahan
Patrick Hanrahan,2022,1904,1.6,United States,software,Technology,Patrick Hanrahan
Patrick Hanrahan,2023,1990,1.5,United States,Software,Technology,Patrick Hanrahan
Patrick Hanrahan,2024,1476,2.3,United States,Software,Technology,Patrick Hanrahan
Patrick Hanrahan,2025,1673,2.2,United States,Software,Technology,Patrick Hanrahan
Patrick Soon-Shiong,2004,375,1.4,United States,,Pharmaceuticals,Patrick Soon-Shiong
Patrick Soon-Shiong,2005,302,1.8,United States,,Pharmaceuticals,Patrick Soon-Shiong
Patrick Soon-Shiong,2006,408,1.6,United States,,Pharmaceuticals,Patrick Soon-Shiong
Patrick Soon-Shiong,2007,226,3.5,United States,,Pharmaceuticals,Patrick Soon-Shiong
Patrick Soon-Shiong,2008,287,3.5,United States,,Health care,Patrick Soon-Shiong
Patrick Soon-Shiong,2009,83,5.5,United States,,Health care,Patrick Soon-Shiong
Patrick Soon-Shiong,2010,154,5.0,United States,generic drugs,Health care,Patrick Soon-Shiong
Patrick Soon-Shiong,2011,197,5.2,United States,generic drugs,Health care,Patrick Soon-Shiong
Patrick Soon-Shiong,2012,127,7.2,United States,pharmaceuticals,Health care,Patrick Soon-Shiong
Patrick Soon-Shiong,2013,148,8.0,United States,pharmaceuticals,Health care,Patrick Soon-Shiong
Patrick Soon-Shiong,2014,123,10.0,United States,pharmaceuticals,Health care,Patrick Soon-Shiong
Patrick Soon-Shiong,2015,96,12.2,United States,pharmaceuticals,Healthcare,Patrick Soon-Shiong
Patrick Soon-Shiong,2016,81,11.9,United States,pharmaceuticals,Healthcare,Patrick Soon-Shiong
Patrick Soon-Shiong,2017,151,8.6,United States,pharmaceuticals,Healthcare,Patrick Soon-Shiong
Patrick Soon-Shiong,2018,199,7.8,United States,pharmaceuticals,Healthcare,Patrick Soon-Shiong
Patrick Soon-Shiong,2019,210,7.0,United States,pharmaceuticals,Healthcare,Patrick Soon-Shiong
Patrick Soon-Shiong,2020,238,6.4,United States,pharmaceuticals,Healthcare,Patrick Soon-Shiong
Patrick Soon-Shiong,2021,334,7.5,United States,pharmaceuticals,Healthcare,Patrick Soon-Shiong
Patrick Soon-Shiong,2022,324,7.3,United States,pharmaceuticals,Healthcare,Patrick Soon-Shiong
Patrick Soon-Shiong,2023,442,5.8,United States,Pharmaceuticals,Healthcare,Patrick Soon-Shiong
Patrick Soon-Shiong,2024,472,6.2,United States,Pharmaceuticals,Healthcare,Patrick Soon-Shiong
Patrick Soon-Shiong,2025,597,5.9,United States,Pharmaceuticals,Healthcare,Patrick Soon-Shiong
Paul Sciarra,2021,1071,2.9,United States,Pinterest,Technology,Paul Sciarra
Paul Sciarra,2022,2231,1.3,United States,Pinterest,Media & Entertainment,Paul Sciarra
Paul Sciarra,2023,2446,1.1,United States,Pinterest,Technology,Paul Sciarra
Paul Sciarra,2024,2075,1.5,United States,Pinterest,Technology,Paul Sciarra
Paul Sciarra,2025,2149,1.6,United States,Pinterest,Technology,Paul Sciarra
Peter Gassner,2019,1405,1.7,United States,software,Technology,Peter Gassner
Peter Gassner,2020,861,2.5,United States,software,Technology,Peter Gassner
Peter Gassner,2021,629,4.6,United States,software,Technology,Peter Gassner
Peter Gassner,2022,1007,3.1,United States,software,Technology,Peter Gassner
Peter Gassner,2023,838,3.5,United States,Software,Technology,Peter Gassner
Peter Gassner,2024,852,3.8,United States,Software,Technology,Peter Gassner
Peter Gassner,2025,921,4.0,United States,Software,Technology,Peter Gassner
Peter Guber,2025,2325,1.5,United States,"Sports teams, movies",Sports,Peter Guber
Peter Thiel,2008,833,1.2,United States,,Investments,Peter Thiel
Peter Thiel,2010,834,1.2,United States,"Paypal, Facebook",Investments,Peter Thiel
Peter Thiel,2011,835,1.5,United States,"Paypal, Facebook",Investments,Peter Thiel
Peter Thiel,2012,860,1.5,United States,"Paypal, Facebook",Investments,Peter Thiel
Peter Thiel,2013,933,1.6,United States,"Paypal, Facebook",Investments,Peter Thiel
Peter Thiel,2014,800,2.2,United States,Facebook,Investments,Peter Thiel
Peter Thiel,2015,851,2.2,United States,Facebook,Investments,Peter Thiel
Peter Thiel,2016,642,2.7,United States,"Facebook, Palantir",Finance and Investments,Peter Thiel
Peter Thiel,2017,748,2.7,United States,"Facebook, Palantir",Finance and Investments,Peter Thiel
Peter Thiel,2018,969,2.5,United States,"Facebook, Palantir",Finance and Investments,Peter Thiel
Peter Thiel,2019,923,2.5,United States,"Facebook, Palantir",Finance and Investments,Peter Thiel
Peter Thiel,2020,913,2.3,United States,"Facebook, Palantir",Finance & Investments,Peter Thiel
Peter Thiel,2021,576,4.9,United States,Facebook,Finance & Investments,Peter Thiel
Peter Thiel,2022,560,5.0,United States,"Facebook, investments",Finance & Investments,Peter Thiel
Peter Thiel,2023,659,4.2,United States,"Facebook, investments",Finance & Investments,Peter Thiel
Peter Thiel,2024,354,7.5,United States,"Facebook, investments",Finance & Investments,Peter Thiel
Peter Thiel,2025,131,16.3,United States,"Facebook, investments",Finance & Investments,Peter Thiel
Reed Hastings,2015,1806,1.0,United States,Netflix,Media & Entertainment,Reed Hastings
Reed Hastings,2016,1530,1.2,United States,Netflix,Media & Entertainment,Reed Hastings
Reed Hastings,2017,1202,1.8,United States,Netflix,Media & Entertainment,Reed Hastings
Reed Hastings,2018,910,2.7,United States,Netflix,Media & Entertainment,Reed Hastings
Reed Hastings,2019,514,4.0,United States,Netflix,Media & Entertainment,Reed Hastings
Reed Hastings,2020,506,3.7,United States,Netflix,Media & Entertainment,Reed Hastings
Reed Hastings,2021,556,5.1,United States,Netflix,Media & Entertainment,Reed Hastings
Reed Hastings,2022,816,3.7,United States,Netflix,Media & Entertainment,Reed Hastings
Reed Hastings,2023,971,3.1,United States,Netflix,Technology,Reed Hastings
Reed Hastings,2024,728,4.4,United States,Netflix,Technology,Reed Hastings
Reed Hastings,2025,696,5.2,United States,Netflix,Technology,Reed Hastings
Reid Hoffman,2012,748,1.8,United States,LinkedIn,Technology,Reid Hoffman
Reid Hoffman,2013,447,3.1,United States,LinkedIn,Technology,Reid Hoffman
Reid Hoffman,2014,445,3.6,United States,LinkedIn,Technology,Reid Hoffman
Reid Hoffman,2015,347,4.7,United States,LinkedIn,Technology,Reid Hoffman
Reid Hoffman,2016,760,2.4,United States,LinkedIn,Technology,Reid Hoffman
Reid Hoffman,2017,651,3.1,United States,LinkedIn,Technology,Reid Hoffman
Reid Hoffman,2018,717,3.3,United States,LinkedIn,Technology,Reid Hoffman
Reid Hoffman,2019,1400,1.7,United States,LinkedIn,Technology,Reid Hoffman
Reid Hoffman,2020,1250,1.8,United States,LinkedIn,Technology,Reid Hoffman
Reid Hoffman,2021,1634,2.0,United States,LinkedIn,Technology,Reid Hoffman
Reid Hoffman,2022,1484,2.1,United States,LinkedIn,Technology,Reid Hoffman
Reid Hoffman,2023,1618,1.9,United States,LinkedIn,Technology,Reid Hoffman
Reid Hoffman,2024,1360,2.5,United States,LinkedIn,Technology,Reid Hoffman
Reid Hoffman,2025,1548,2.4,United States,LinkedIn,Technology,Reid Hoffman
Riaz Valani,2022,1403,2.2,United States,e-cigarettes,Finance & Investments,Riaz Valani
Riaz Valani,2023,1660,1.8,United States,E-cigarettes,Finance & Investments,Riaz Valani
Riaz Valani,2024,1702,1.9,United States,E-cigarettes,Finance & Investments,Riaz Valani
Riaz Valani,2025,1862,1.9,United States,E-cigarettes,Finance & Investments,Riaz Valani
Richard Kayne,2018,2076,1.1,United States,investments,Finance and Investments,Richard Kayne
Richard Kayne,2019,2015,1.1,United States,investments,Finance and Investments,Richard Kayne
Richard Kayne,2020,1937,1.1,United States,investments,Finance & Investments,Richard Kayne
Richard Kayne,2021,2622,1.1,United States,investments,Finance & Investments,Richard Kayne
Richard Kayne,2022,1894,1.6,United States,investments,Finance & Investments,Richard Kayne
Richard Kayne,2023,1613,1.9,United States,Investments,Finance & Investments,Richard Kayne
Richard Kayne,2024,2374,1.3,United States,Investments,Finance & Investments,Richard Kayne
Richard Kayne,2025,2574,1.3,United States,Investments,Finance & Investments,Richard Kayne
Richard Peery,2001,315,1.7,United States,,Real Estate,Richard Peery
Richard Peery,2002,426,1.0,United States,,Real Estate,Richard Peery
Richard Peery,2003,454,1.1,United States,,Real Estate,Richard Peery
Richard Peery,2004,483,1.1,United States,,Real Estate,Richard Peery
Richard Peery,2005,496,1.0,United States,,Real Estate,Richard Peery
Richard Peery,2006,576,1.1,United States,,Real Estate,Richard Peery
Richard Peery,2007,741,1.0,United States,,Real Estate,Richard Peery
Richard Peery,2008,681,1.6,United States,,Real Estate,Richard Peery
Richard Peery,2009,440,1.6,United States,,Real Estate,Richard Peery
Richard Peery,2010,672,1.5,United States,real estate,Real Estate,Richard Peery
Richard Peery,2011,842,1.5,United States,real estate,Real Estate,Richard Peery
Richard Peery,2012,696,1.9,United States,real estate,Real Estate,Richard Peery
Richard Peery,2013,748,2.0,United States,real estate,Real Estate,Richard Peery
Richard Peery,2014,804,2.2,United States,real estate,Real Estate,Richard Peery
Richard Peery,2015,820,2.3,United States,real estate,Real Estate,Richard Peery
Richard Peery,2016,820,2.2,United States,real estate,Real Estate,Richard Peery
Richard Peery,2017,834,2.5,United States,real estate,Real Estate,Richard Peery
Richard Peery,2018,981,2.5,United States,real estate,Real Estate,Richard Peery
Richard Peery,2019,817,2.8,United States,real estate,Real Estate,Richard Peery
Richard Peery,2020,889,2.4,United States,real estate,Real Estate,Richard Peery
Richard Peery,2021,1187,2.7,United States,real estate,Real Estate,Richard Peery
Richard Peery,2022,1119,2.8,United States,real estate,Real Estate,Richard Peery
Richard Peery,2023,1120,2.7,United States,Real estate,Real Estate,Richard Peery
Richard Peery,2024,1074,3.1,United States,Real estate,Real Estate,Richard Peery
Richard Peery,2025,1017,3.6,United States,Real estate,Real Estate,Richard Peery
Richard Saghian,2022,2236,1.3,United States,fast fashion,Fashion & Retail,Richard Saghian
Richard Saghian,2023,1457,2.1,United States,Fast fashion,Fashion & Retail,Richard Saghian
Richard Saghian,2024,2329,1.3,United States,Fast fashion,Fashion & Retail,Richard Saghian
Richard Saghian,2025,1712,2.1,United States,Fast fashion,Fashion & Retail,Richard Saghian
Rick Caruso,2016,472,3.5,United States,real estate,Real Estate,Rick Caruso
Rick Caruso,2017,497,3.8,United States,real estate,Real Estate,Rick Caruso
Rick Caruso,2018,586,3.9,United States,real estate,Real Estate,Rick Caruso
Rick Caruso,2019,521,4.0,United States,real estate,Real Estate,Rick Caruso
Rick Caruso,2020,587,3.4,United States,real estate,Real Estate,Rick Caruso
Rick Caruso,2021,703,4.2,United States,real estate,Real Estate,Rick Caruso
Rick Caruso,2022,682,4.3,United States,real estate,Real Estate,Rick Caruso
Rick Caruso,2023,509,5.3,United States,Real estate,Real Estate,Rick Caruso
Rick Caruso,2024,579,5.3,United States,Real estate,Real Estate,Rick Caruso
Rick Caruso,2025,618,5.8,United States,Real estate,Real Estate,Rick Caruso
Riley Bechtel,1996,252,1.6,United States,,,Riley Bechtel
Riley Bechtel,2001,175,3.0,United States,,Construction &#38; Engineering,Riley Bechtel
Riley Bechtel,2002,136,3.0,United States,,Construction &#38; Engineering,Riley Bechtel
Riley Bechtel,2003,134,3.2,United States,,,Riley Bechtel
Riley Bechtel,2004,150,3.2,United States,,,Riley Bechtel
Riley Bechtel,2005,220,2.4,United States,,,Riley Bechtel
Riley Bechtel,2006,268,2.5,United States,,,Riley Bechtel
Riley Bechtel,2007,311,2.7,United States,,,Riley Bechtel
Riley Bechtel,2008,299,3.5,United States,,Construction & Engineering,Riley Bechtel
Riley Bechtel,2009,272,2.5,United States,,Construction & Engineering,Riley Bechtel
Riley Bechtel,2010,341,3.0,United States,"engineering, construction",Construction & Engineering,Riley Bechtel
Riley Bechtel,2011,408,2.9,United States,"engineering, construction",Construction & Engineering,Riley Bechtel
Riley Bechtel,2012,441,2.8,United States,"engineering, construction",Construction & Engineering,Riley Bechtel
Riley Bechtel,2013,489,3.0,United States,"engineering, construction",Construction & Engineering,Riley Bechtel
Riley Bechtel,2014,394,3.9,United States,"engineering, construction",Construction & Engineering,Riley Bechtel
Riley Bechtel,2015,451,3.9,United States,"engineering, construction",Construction & Engineering,Riley Bechtel
Riley Bechtel,2016,665,2.7,United States,"engineering, construction",Construction & Engineering,Riley Bechtel
Riley Bechtel,2017,659,3.1,United States,"engineering, construction",Construction & Engineering,Riley Bechtel
Riley Bechtel,2018,700,3.4,United States,"engineering, construction",Construction & Engineering,Riley Bechtel
Riley Bechtel,2019,874,2.7,United States,"engineering, construction",Construction & Engineering,Riley Bechtel
Riley Bechtel,2020,1191,1.9,United States,"engineering, construction",Construction & Engineering,Riley Bechtel
Riley Bechtel,2021,1105,2.9,United States,"engineering, construction",Construction & Engineering,Riley Bechtel
Riley Bechtel,2022,1091,2.9,United States,"engineering, construction",Construction & Engineering,Riley Bechtel
Riley Bechtel,2023,1267,2.5,United States,"Engineering, construction",Construction & Engineering,Riley Bechtel
Riley Bechtel,2024,1375,2.5,United States,"Engineering, construction",Construction & Engineering,Riley Bechtel
Riley Bechtel,2025,263,10.3,United States,"Engineering, construction",Construction & Engineering,Riley Bechtel
Robert Fisher,2007,635,1.4,United States,,Service,Robert Fisher
Robert Fisher,2008,776,1.4,United States,,Service,Robert Fisher
Robert Fisher,2009,717,1.0,United States,,Service,Robert Fisher
Robert Fisher,2010,921,1.1,United States,Gap,Service,Robert Fisher
Robert Fisher,2012,1065,1.2,United States,Gap,Service,Robert Fisher
Robert Fisher,2013,956,1.6,United States,Gap,Service,Robert Fisher
Robert Fisher,2014,910,2.0,United States,Gap,Service,Robert Fisher
Robert Fisher,2015,986,2.0,United States,Gap,Service,Robert Fisher
Robert Fisher,2016,1342,1.4,United States,Gap,Service,Robert Fisher
Robert Fisher,2017,1445,1.5,United States,Gap,Service,Robert Fisher
Robert Fisher,2018,1455,1.7,United States,Gap,Service,Robert Fisher
Robert Fisher,2019,1683,1.4,United States,Gap,Service,Robert Fisher
Robert Fisher,2021,1728,1.9,United States,Gap,Fashion & Retail,Robert Fisher
Robert Fisher,2022,2423,1.2,United States,Gap,Fashion & Retail,Robert Fisher
Robert Fisher,2023,2503,1.1,United States,Gap,Fashion & Retail,Robert Fisher
Robert Fisher,2024,2019,1.6,United States,Gap,Fashion & Retail,Robert Fisher
Robert Fisher,2025,2091,1.7,United States,Gap,Fashion & Retail,Robert Fisher
Robert Pera,2012,875,1.5,United States,Ubiquiti Networks,Technology,Robert Pera
Robert Pera,2014,649,2.7,United States,technology,Technology,Robert Pera
Robert Pera,2015,1072,1.8,United States,wireless networking gear,Technology,Robert Pera
Robert Pera,2016,925,2.0,United States,wireless networking gear,Technology,Robert Pera
Robert Pera,2017,672,3.0,United States,wireless networking gear,Technology,Robert Pera
Robert Pera,2018,505,4.3,United States,wireless networking gear,Technology,Robert Pera
Robert Pera,2019,215,6.9,United States,wireless networking gear,Technology,Robert Pera
Robert Pera,2020,210,7.0,United States,wireless networking gear,Technology,Robert Pera
Robert Pera,2021,101,18.3,United States,wireless networking gear,Technology,Robert Pera
Robert Pera,2022,127,14.6,United States,wireless networking gear,Technology,Robert Pera
Robert Pera,2023,113,15.5,United States,Wireless networking,Technology,Robert Pera
Robert Pera,2024,439,6.4,United States,Wireless networking,Technology,Robert Pera
Robert Pera,2025,135,15.7,United States,Wireless networking,Technology,Robert Pera
Rodney Sacks,2015,1263,1.5,United States,energy drinks,Food and Beverage,Rodney Sacks
Rodney Sacks,2016,1299,1.4,United States,energy drinks,Food and Beverage,Rodney Sacks
Rodney Sacks,2017,1482,1.4,United States,energy drinks,Food and Beverage,Rodney Sacks
Rodney Sacks,2018,1230,2.0,United States,energy drinks,Food and Beverage,Rodney Sacks
Rodney Sacks,2019,1242,1.9,United States,energy drinks,Food and Beverage,Rodney Sacks
Rodney Sacks,2020,1082,2.0,United States,energy drinks,Food & Beverage,Rodney Sacks
Rodney Sacks,2021,1261,2.5,United States,energy drinks,Food & Beverage,Rodney Sacks
Rodney Sacks,2022,1312,2.4,United States,energy drinks,Food & Beverage,Rodney Sacks
Rodney Sacks,2023,1033,2.9,United States,Energy drinks,Food & Beverage,Rodney Sacks
Rodney Sacks,2024,962,3.4,United States,Energy drinks,Food & Beverage,Rodney Sacks
Rodney Sacks,2025,1117,3.3,United States,Energy drinks,Food & Beverage,Rodney Sacks
Romesh T. Wadhwani,2010,723,1.4,United States,Software,Technology,Romesh T. Wadhwani
Romesh T. Wadhwani,2011,881,1.4,United States,Software,Technology,Romesh T. Wadhwani
Romesh T. Wadhwani,2012,635,2.0,United States,Software,Technology,Romesh T. Wadhwani
Romesh T. Wadhwani,2013,785,1.95,United States,Software,Technology,Romesh T. Wadhwani
Romesh T. Wadhwani,2014,797,2.2,United States,software,Technology,Romesh T. Wadhwani
Romesh T. Wadhwani,2015,739,2.5,United States,software,Technology,Romesh T. Wadhwani
Romesh T. Wadhwani,2016,613,2.8,United States,software,Technology,Romesh T. Wadhwani
Romesh T. Wadhwani,2017,663,3.0,United States,software,Technology,Romesh T. Wadhwani
Romesh T. Wadhwani,2018,767,3.1,United States,software,Technology,Romesh T. Wadhwani
Romesh T. Wadhwani,2019,668,3.3,United States,software,Technology,Romesh T. Wadhwani
Romesh T. Wadhwani,2020,566,3.4,United States,software,Technology,Romesh T. Wadhwani
Romesh T. Wadhwani,2021,863,3.5,United States,software,Technology,Romesh T. Wadhwani
Romesh T. Wadhwani,2022,687,4.2,United States,software,Technology,Romesh T. Wadhwani
Romesh T. Wadhwani,2023,525,5.1,United States,Software,Technology,Romesh T. Wadhwani
Romesh T. Wadhwani,2024,597,5.1,United States,Software,Technology,Romesh T. Wadhwani
Romesh T. Wadhwani,2025,719,5.0,United States,Software,Technology,Romesh T. Wadhwani
Rupert Johnson Jr,2001,318,1.7,United States,,Finance,Rupert Johnson
Rupert Johnson Jr,2002,305,1.4,United States,,Finance,Rupert Johnson
Rupert Johnson Jr,2003,420,1.2,United States,,Finance,Rupert Johnson
Rupert Johnson Jr,2004,243,2.2,United States,,Finance,Rupert Johnson
Rupert Johnson Jr,2005,194,2.6,United States,,Finance,Rupert Johnson
Rupert Johnson Jr,2006,167,3.6,United States,,Finance,Rupert Johnson
Rupert Johnson Jr,2007,161,4.6,United States,,Finance,Rupert Johnson
Rupert Johnson Jr,2008,263,3.8,United States,,Investments,Rupert Johnson Jr
Rupert Johnson Jr,2009,299,2.2,United States,,Investments,Rupert Johnson Jr
Rupert Johnson Jr,2010,244,3.8,United States,Franklin Resources,Investments,Rupert Johnson Jr
Rupert Johnson Jr,2011,217,4.9,United States,Franklin Resources,Investments,Rupert Johnson Jr
Rupert Johnson Jr,2012,245,4.4,United States,Franklin Resources,Investments,Rupert Johnson Jr
Rupert Johnson Jr,2013,217,5.6,United States,money management,Investments,Rupert Johnson Jr
Rupert Johnson Jr,2014,225,6.2,United States,money management,Investments,Rupert Johnson Jr
Rupert Johnson Jr,2015,232,6.2,United States,money management,Finance and Investments,Rupert Johnson Jr
Rupert Johnson Jr,2016,398,3.9,United States,money management,Finance and Investments,Rupert Johnson Jr
Rupert Johnson Jr,2017,320,5.1,United States,money management,Finance and Investments,Rupert Johnson Jr
Rupert Johnson Jr,2018,433,4.8,United States,money management,Finance and Investments,Rupert Johnson Jr
Rupert Johnson Jr,2019,474,4.2,United States,money management,Finance and Investments,Rupert Johnson Jr
Rupert Johnson Jr,2020,634,3.2,United States,money management,Finance & Investments,Rupert Johnson Jr
Rupert Johnson Jr,2021,716,4.1,United States,money management,Finance & Investments,Rupert Johnson Jr
Rupert Johnson Jr,2022,674,4.3,United States,money management,Finance & Investments,Rupert Johnson Jr
Rupert Johnson Jr,2023,673,4.2,United States,Franklin Templeton,Finance & Investments,Rupert Johnson Jr
Rupert Johnson Jr,2024,725,4.4,United States,Franklin Templeton,Finance & Investments,Rupert Johnson Jr
Rupert Johnson Jr,2025,968,3.8,United States,Franklin Templeton,Finance & Investments,Rupert Johnson Jr
Sam Altman,2024,2781,1.0,United States,Investments,Finance & Investments,Sam Altman
Sam Altman,2025,2352,1.5,United States,Investments,Finance & Investments,Sam Altman
Sam McCandlish,2025,2682,1.2,United States,Artificial intelligence,Technology,Sam McCandlish
Sanjit Biswas,2020,1599,1.4,United States,sensor systems,Technology,Sanjit Biswas
Sanjit Biswas,2021,2664,1.1,United States,sensor systems,Technology,Sanjit Biswas
Sanjit Biswas,2022,1810,1.7,United States,sensor systems,Technology,Sanjit Biswas
Sanjit Biswas,2023,1364,2.3,United States,Sensor systems,Technology,Sanjit Biswas
Sanjit Biswas,2024,695,4.6,United States,Sensor systems,Technology,Sanjit Biswas
Sanjit Biswas,2025,899,4.1,United States,Sensor systems,Technology,Sanjit Biswas
Sarah MacMillan,2015,1206,1.6,United States,Cargill,Food and Beverage,Sarah MacMillan
Sarah MacMillan,2016,1238,1.5,United States,Cargill,Food and Beverage,Sarah MacMillan
Sarah MacMillan,2017,1125,1.9,United States,Cargill,Food and Beverage,Sarah MacMillan
Sarah MacMillan,2018,1246,2.0,United States,Cargill,Food and Beverage,Sarah MacMillan
Sarah MacMillan,2019,1256,1.9,United States,Cargill,Food and Beverage,Sarah MacMillan
Sarah MacMillan,2020,1667,1.3,United States,Cargill,Food & Beverage,Sarah MacMillan
Sarah MacMillan,2021,1875,1.7,United States,Cargill,Food & Beverage,Sarah MacMillan
Sarah MacMillan,2022,1317,2.4,United States,Cargill,Food & Beverage,Sarah MacMillan
Sarah MacMillan,2023,1606,1.9,United States,Cargill,Food & Beverage,Sarah MacMillan
Sarah MacMillan,2024,1657,2.0,United States,Cargill,Food & Beverage,Sarah MacMillan
Sarah MacMillan,2025,1806,2.0,United States,Cargill,Food & Beverage,Sarah MacMillan
Scott Cook,2003,514,1.0,United States,,,Scott Cook
Scott Cook,2004,499,1.1,United States,,,Scott Cook
Scott Cook,2005,519,1.0,United States,,,Scott Cook
Scott Cook,2006,560,1.2,United States,,,Scott Cook
Scott Cook,2007,638,1.4,United States,,Technology,Scott Cook
Scott Cook,2008,820,1.3,United States,,Technology,Scott Cook
Scott Cook,2009,727,1.0,United States,,Technology,Scott Cook
Scott Cook,2010,1001,1.0,United States,Intuit,Technology,Scott Cook
Scott Cook,2011,926,1.4,United States,Intuit,Technology,Scott Cook
Scott Cook,2012,951,1.4,United States,Intuit,Technology,Scott Cook
Scott Cook,2013,1017,1.5,United States,Intuit,Technology,Scott Cook
Scott Cook,2014,1133,1.6,United States,software,Technology,Scott Cook
Scott Cook,2015,1034,1.9,United States,software,Technology,Scott Cook
Scott Cook,2016,1005,1.9,United States,software,Technology,Scott Cook
Scott Cook,2017,933,2.3,United States,software,Technology,Scott Cook
Scott Cook,2018,761,3.2,United States,software,Technology,Scott Cook
Scott Cook,2019,641,3.5,United States,software,Technology,Scott Cook
Scott Cook,2020,738,2.9,United States,software,Technology,Scott Cook
Scott Cook,2021,702,4.2,United States,software,Technology,Scott Cook
Scott Cook,2022,615,4.7,United States,software,Technology,Scott Cook
Scott Cook,2023,693,4.1,United States,Software,Technology,Scott Cook
Scott Cook,2024,447,6.4,United States,Software,Technology,Scott Cook
Scott Cook,2025,530,6.6,United States,Software,Technology,Scott Cook
Scott Crabill,2024,1021,3.3,United States,Private equity,Finance & Investments,Scott Crabill
Scott Crabill,2025,971,3.8,United States,Private equity,Finance & Investments,Scott Crabill
Sean Parker,2011,798,1.6,United States,Facebook,Technology,Sean Parker
Sean Parker,2012,611,2.1,United States,Facebook,Technology,Sean Parker
Sean Parker,2013,749,2.0,United States,Facebook,Technology,Sean Parker
Sean Parker,2014,674,2.6,United States,Facebook,Technology,Sean Parker
Sean Parker,2015,749,2.5,United States,Facebook,Technology,Sean Parker
Sean Parker,2016,743,2.4,United States,Facebook,Technology,Sean Parker
Sean Parker,2017,792,2.6,United States,Facebook,Technology,Sean Parker
Sean Parker,2018,940,2.6,United States,Facebook,Technology,Sean Parker
Sean Parker,2019,892,2.6,United States,Facebook,Technology,Sean Parker
Sean Parker,2020,778,2.7,United States,Facebook,Technology,Sean Parker
Sean Parker,2021,1188,2.7,United States,Facebook,Technology,Sean Parker
Sean Parker,2022,1120,2.8,United States,Facebook,Technology,Sean Parker
Sean Parker,2023,1076,2.8,United States,Facebook,Technology,Sean Parker
Sean Parker,2024,1204,2.8,United States,Facebook,Technology,Sean Parker
Sean Parker,2025,1234,3.0,United States,Facebook,Technology,Sean Parker
Sergey Brin,2004,528,1.0,United States,,,Sergey Brin
Sergey Brin,2005,52,7.2,United States,,,Sergey Brin
Sergey Brin,2006,23,12.9,United States,,,Sergey Brin
Sergey Brin,2007,27,16.6,United States,,,Sergey Brin
Sergey Brin,2008,31,18.7,United States,,,Sergey Brin
Sergey Brin,2009,26,12.0,United States,,Technology,Sergey Brin
Sergey Brin,2010,27,17.5,United States,Google,Technology,Sergey Brin
Sergey Brin,2011,25,19.8,United States,Google,Technology,Sergey Brin
Sergey Brin,2012,25,18.7,United States,Google,Technology,Sergey Brin
Sergey Brin,2013,21,22.8,United States,Google,Technology,Sergey Brin
Sergey Brin,2014,19,31.8,United States,Google,Technology,Sergey Brin
Sergey Brin,2015,20,29.2,United States,Google,Technology,Sergey Brin
Sergey Brin,2016,13,34.4,United States,Google,Technology,Sergey Brin
Sergey Brin,2017,13,39.8,United States,Google,Technology,Sergey Brin
Sergey Brin,2018,13,47.5,United States,Google,Technology,Sergey Brin
Sergey Brin,2019,14,49.8,United States,Google,Technology,Sergey Brin
Sergey Brin,2020,14,49.1,United States,Google,Technology,Sergey Brin
Sergey Brin,2021,9,89.0,United States,Google,Technology,Sergey Brin
Sergey Brin,2022,7,107.0,United States,Google,Technology,Sergey Brin
Sergey Brin,2023,14,76.0,United States,Google,Technology,Sergey Brin
Sergey Brin,2024,11,110.0,United States,Google,Technology,Sergey Brin
Sergey Brin,2025,8,138.0,United States,Google,Technology,Sergey Brin
Seth Boro,2024,1027,3.3,United States,Private equity,Finance & Investments,Seth Boro
Seth Boro,2025,1009,3.7,United States,Private equity,Finance & Investments,Seth Boro
Sheryl Sandberg,2014,1544,1.05,United States,Facebook,Technology,Sheryl Sandberg
Sheryl Sandberg,2015,1760,1.0,United States,Facebook,Technology,Sheryl Sandberg
Sheryl Sandberg,2016,1497,1.2,United States,Facebook,Technology,Sheryl Sandberg
Sheryl Sandberg,2017,1480,1.4,United States,Facebook,Technology,Sheryl Sandberg
Sheryl Sandberg,2018,1504,1.6,United States,Facebook,Technology,Sheryl Sandberg
Sheryl Sandberg,2019,1446,1.6,United States,Facebook,Technology,Sheryl Sandberg
Sheryl Sandberg,2020,1441,1.5,United States,Facebook,Technology,Sheryl Sandberg
Sheryl Sandberg,2021,1859,1.7,United States,Facebook,Technology,Sheryl Sandberg
Sheryl Sandberg,2022,1856,1.6,United States,Facebook,Technology,Sheryl Sandberg
Sheryl Sandberg,2023,1941,1.5,United States,Facebook,Technology,Sheryl Sandberg
Sheryl Sandberg,2024,1511,2.2,United States,Facebook,Technology,Sheryl Sandberg
Sheryl Sandberg,2025,1585,2.3,United States,Facebook,Technology,Sheryl Sandberg
Stanley Tang,2021,1597,2.0,United States,food delivery app,Technology,Stanley Tang
Stanley Tang,2022,2349,1.2,United States,food delivery app,Technology,Stanley Tang
Stanley Tang,2024,2438,1.2,United States,food delivery app,Technology,Stanley Tang
Stanley Tang,2025,2953,1.0,United States,food delivery app,Technology,Stanley Tang
Stephen Cohen,2025,1295,2.9,United States,Software,Technology,Stephen Cohen
Steven Rales,2001,363,1.5,United States,,Finance,Steven Rales
Steven Rales,2002,326,1.3,United States,,Manufacturing,Steven Rales
Steven Rales,2003,376,1.3,United States,,Manufacturing,Steven Rales
Steven Rales,2004,263,2.0,United States,,Manufacturing,Steven Rales
Steven Rales,2005,266,2.0,United States,,Manufacturing,Steven Rales
Steven Rales,2006,315,2.1,United States,,Manufacturing,Steven Rales
Steven Rales,2007,302,2.7,United States,,Manufacturing,Steven Rales
Steven Rales,2008,407,2.6,United States,,Service,Steven Rales
Steven Rales,2009,311,2.1,United States,,Service,Steven Rales
Steven Rales,2010,368,2.6,United States,Danaher Corp,Service,Steven Rales
Steven Rales,2011,350,3.2,United States,Danaher Corp,Service,Steven Rales
Steven Rales,2012,347,3.3,United States,manufacturing,Service,Steven Rales
Steven Rales,2013,355,3.8,United States,manufacturing,Service,Steven Rales
Steven Rales,2014,438,3.6,United States,manufacturing,Manufacturing,Steven Rales
Steven Rales,2015,466,3.7,United States,manufacturing,Manufacturing,Steven Rales
Steven Rales,2016,441,3.6,United States,manufacturing,Manufacturing,Steven Rales
Steven Rales,2017,317,5.1,United States,manufacturing,Manufacturing,Steven Rales
Steven Rales,2018,323,5.6,United States,manufacturing,Manufacturing,Steven Rales
Steven Rales,2019,274,6.0,United States,manufacturing,Manufacturing,Steven Rales
Steven Rales,2020,275,5.8,United States,manufacturing,Manufacturing,Steven Rales
Steven Rales,2021,266,8.9,United States,manufacturing,Manufacturing,Steven Rales
Steven Rales,2022,257,8.4,United States,"manufacturing, investments",Manufacturing,Steven Rales
Steven Rales,2023,307,7.4,United States,"Manufacturing, investments",Manufacturing,Steven Rales
Steven Rales,2024,310,8.3,United States,"Manufacturing, investments",Manufacturing,Steven Rales
Steven Rales,2025,364,8.3,United States,"Manufacturing, investments",Manufacturing,Steven Rales
Steven Spielberg,1996,422,1.0,United States,,,Steven Spielberg
Steven Spielberg,2001,258,2.1,United States,,Media,Steven Spielberg
Steven Spielberg,2002,189,2.2,United States,,Media,Steven Spielberg
Steven Spielberg,2003,220,2.2,United States,,Media,Steven Spielberg
Steven Spielberg,2004,200,2.5,United States,,Media,Steven Spielberg
Steven Spielberg,2005,178,2.7,United States,,Media,Steven Spielberg
Steven Spielberg,2006,212,2.8,United States,,Media,Steven Spielberg
Steven Spielberg,2007,259,3.0,United States,,Media,Steven Spielberg
Steven Spielberg,2008,345,3.0,United States,,Media,Steven Spielberg
Steven Spielberg,2009,199,3.0,United States,,Media,Steven Spielberg
Steven Spielberg,2010,319,3.0,United States,movies,Media,Steven Spielberg
Steven Spielberg,2011,379,3.0,United States,movies,Media,Steven Spielberg
Steven Spielberg,2012,380,3.0,United States,movies,Media,Steven Spielberg
Steven Spielberg,2013,424,3.2,United States,movies,Media,Steven Spielberg
Steven Spielberg,2014,468,3.4,United States,movies,Media,Steven Spielberg
Steven Spielberg,2015,482,3.6,United States,Movies,Media & Entertainment,Steven Spielberg
Steven Spielberg,2016,457,3.5,United States,Movies,Media & Entertainment,Steven Spielberg
Steven Spielberg,2017,506,3.7,United States,Movies,Media & Entertainment,Steven Spielberg
Steven Spielberg,2018,635,3.6,United States,Movies,Media & Entertainment,Steven Spielberg
Steven Spielberg,2019,572,3.7,United States,movies,Media & Entertainment,Steven Spielberg
Steven Spielberg,2020,519,3.6,United States,movies,Media & Entertainment,Steven Spielberg
Steven Spielberg,2021,816,3.7,United States,movies,Media & Entertainment,Steven Spielberg
Steven Spielberg,2022,802,3.7,United States,movies,Media & Entertainment,Steven Spielberg
Steven Spielberg,2023,703,4.0,United States,Movies,Media & Entertainment,Steven Spielberg
Steven Spielberg,2024,650,4.8,United States,Movies,Media & Entertainment,Steven Spielberg
Steven Spielberg,2025,675,5.3,United States,Movies,Media & Entertainment,Steven Spielberg
Steven Tisch,2018,2014,1.1,United States,insurance,Diversified,Steven Tisch
Steven Tisch,2020,2014,1.0,United States,insurance,Diversified,Steven Tisch
Steven Tisch,2021,2407,1.2,United States,insurance,Diversified,Steven Tisch
Steven Tisch,2022,2345,1.2,United States,insurance,Diversified,Steven Tisch
Steven Tisch,2023,1831,1.6,United States,Insurance,Diversified,Steven Tisch
Steven Tisch,2024,1960,1.6,United States,"Loews, New York Giants",Diversified,Steven Tisch
Steven Tisch,2025,2132,1.6,United States,"Loews, New York Giants",Diversified,Steven Tisch
Stewart Resnick,2012,647,2.0,United States,"agriculture, water",Food and Beverage,Stewart and Lynda Resnick
Stewart Resnick,2013,682,2.2,United States,"agriculture, water",Food and Beverage,Stewart and Lynda Resnick
Stewart Resnick,2014,451,3.5,United States,"agriculture, water",Food and Beverage,Stewart and Lynda Resnick
Stewart Resnick,2015,397,4.2,United States,"agriculture, water",Food and Beverage,Stewart and Lynda Resnick
Stewart Resnick,2016,362,4.2,United States,"agriculture, water",Food and Beverage,Stewart and Lynda Resnick
Stewart Resnick,2017,444,4.0,United States,"agriculture, water",Food and Beverage,Stewart and Lynda Resnick
Stewart Resnick,2018,577,3.9,United States,"agriculture, water",Food and Beverage,Stewart and Lynda Resnick
Stewart Resnick,2019,311,5.6,United States,"agriculture, water",Food and Beverage,Stewart and Lynda Resnick
Stewart Resnick,2020,154,9.0,United States,"agriculture, water",Food & Beverage,Stewart and Lynda Resnick
Stewart Resnick,2021,362,7.1,United States,"agriculture, water",Food & Beverage,Stewart & Lynda Resnick
Stewart Resnick,2022,287,8.0,United States,"agriculture, water",Food & Beverage,Stewart & Lynda Resnick
Stewart Resnick,2023,502,5.3,United States,Agriculture,Food & Beverage,Stewart Resnick
Stewart Resnick,2024,535,5.6,United States,Agriculture,Food & Beverage,Stewart Resnick
Stewart Resnick,2025,552,6.3,United States,Agriculture,Food & Beverage,Stewart Resnick
Sue Gross,2019,1790,1.3,United States,investments,Finance and Investments,Sue Gross
Sue Gross,2020,1573,1.4,United States,investments,Finance & Investments,Sue Gross
Sue Gross,2021,2111,1.5,United States,investments,Finance & Investments,Sue Gross
Sue Gross,2022,1905,1.6,United States,investments,Finance & Investments,Sue Gross
Sue Gross,2023,1875,1.6,United States,Investments,Finance & Investments,Sue Gross
Sue Gross,2024,2017,1.6,United States,Investments,Finance & Investments,Sue Gross
Sue Gross,2025,2197,1.6,United States,Investments,Finance & Investments,Sue Gross
Sundar Pichai,2025,2841,1.1,United States,Alphabet,Technology,Sundar Pichai
Tench Coxe,2022,1715,1.8,United States,venture capital,Finance & Investments,Tench Coxe
Tench Coxe,2023,1887,1.6,United States,Venture capital,Finance & Investments,Tench Coxe
Tench Coxe,2024,750,4.3,United States,Venture capital,Finance & Investments,Tench Coxe
Tench Coxe,2025,698,5.2,United States,Venture capital,Finance & Investments,Tench Coxe
Theresia Gouw,2025,2886,1.1,United States,Venture capital,Finance & Investments,Theresia Gouw
Thierry Cruanes,2021,1736,1.9,United States,software,Technology,Thierry Cruanes
Thierry Cruanes,2022,2172,1.4,United States,software,Technology,Thierry Cruanes
Thierry Cruanes,2024,2764,1.0,United States,software,Technology,Thierry Cruanes
Thomas Siebel,2000,105,4.2,United States,,,Thomas Siebel
Thomas Siebel,2001,242,2.2,United States,,Software,Thomas Siebel
Thomas Siebel,2002,129,3.0,United States,,Software,Thomas Siebel
Thomas Siebel,2003,412,1.2,United States,,,Thomas Siebel
Thomas Siebel,2004,409,1.3,United States,,,Thomas Siebel
Thomas Siebel,2005,411,1.3,United States,,,Thomas Siebel
Thomas Siebel,2006,409,1.6,United States,,,Thomas Siebel
Thomas Siebel,2007,577,1.5,United States,,,Thomas Siebel
Thomas Siebel,2008,593,1.9,United States,,Technology,Thomas Siebel
Thomas Siebel,2009,456,1.5,United States,,Technology,Thomas Siebel
Thomas Siebel,2010,595,1.7,United States,Siebel Systems,Technology,Thomas Siebel
Thomas Siebel,2011,742,1.7,United States,Siebel Systems,Technology,Thomas Siebel
Thomas Siebel,2012,730,1.8,United States,business software,Technology,Thomas Siebel
Thomas Siebel,2013,840,1.8,United States,business software,Technology,Thomas Siebel
Thomas Siebel,2014,880,2.0,United States,business software,Technology,Thomas Siebel
Thomas Siebel,2015,816,2.3,United States,business software,Technology,Thomas Siebel
Thomas Siebel,2016,814,2.2,United States,business software,Technology,Thomas Siebel
Thomas Siebel,2017,825,2.5,United States,business software,Technology,Thomas Siebel
Thomas Siebel,2018,831,2.9,United States,business software,Technology,Thomas Siebel
Thomas Siebel,2019,783,2.9,United States,business software,Technology,Thomas Siebel
Thomas Siebel,2020,521,3.6,United States,business software,Technology,Thomas Siebel
Thomas Siebel,2021,577,4.9,United States,business software,Technology,Thomas Siebel
Thomas Siebel,2022,858,3.5,United States,business software,Technology,Thomas Siebel
Thomas Siebel,2023,824,3.5,United States,Business software,Technology,Thomas Siebel
Thomas Siebel,2024,818,3.9,United States,Business software,Technology,Thomas Siebel
Thomas Siebel,2025,888,4.1,United States,Business software,Technology,Thomas Siebel
Thomas Steyer,2008,834,1.2,United States,,Investments,Thomas Steyer
Thomas Steyer,2012,966,1.3,United States,hedge funds,Investments,Thomas Steyer
Thomas Steyer,2013,1043,1.4,United States,hedge funds,Investments,Thomas Steyer
Thomas Steyer,2014,1144,1.55,United States,hedge funds,Finance and Investments,Thomas Steyer
Thomas Steyer,2015,1202,1.6,United States,hedge funds,Finance and Investments,Thomas Steyer
Thomas Steyer,2016,1134,1.6,United States,hedge funds,Finance and Investments,Thomas Steyer
Thomas Steyer,2017,1301,1.6,United States,hedge funds,Finance and Investments,Thomas Steyer
Thomas Steyer,2018,1499,1.6,United States,hedge funds,Finance and Investments,Thomas Steyer
Thomas Steyer,2019,1440,1.6,United States,hedge funds,Finance and Investments,Thomas Steyer
Thomas Steyer,2020,1347,1.6,United States,hedge funds,Finance & Investments,Thomas Steyer
Thomas Steyer,2021,2168,1.4,United States,hedge funds,Finance & Investments,Thomas Steyer
Thomas Steyer,2022,1950,1.5,United States,hedge funds,Finance & Investments,Thomas Steyer
Thomas Steyer,2023,1932,1.5,United States,Hedge funds,Finance & Investments,Thomas Steyer
Thomas Steyer,2024,1640,2.0,United States,Hedge funds,Finance & Investments,Thomas Steyer
Thomas Steyer,2025,1786,2.0,United States,Hedge funds,Finance & Investments,Thomas Steyer
Tim Cook,2021,2350,1.3,United States,Apple,Technology,Tim Cook
Tim Cook,2022,1568,2.0,United States,Apple,Technology,Tim Cook
Tim Cook,2023,1712,1.8,United States,Apple,Technology,Tim Cook
Tim Cook,2024,1678,2.0,United States,Apple,Technology,Tim Cook
Tim Cook,2025,1504,2.5,United States,Apple,Technology,Tim Cook
Tim Draper,2021,2119,1.5,United States,cryptocurrency,Finance & Investments,Tim Draper
Tim Draper,2022,2426,1.2,United States,cryptocurrency,Finance & Investments,Tim Draper
Tim Draper,2024,1676,2.0,United States,cryptocurrency,Finance & Investments,Tim Draper
Tim Draper,2025,1449,2.6,United States,cryptocurrency,Finance & Investments,Tim Draper
Tom Brown,2025,2777,1.2,United States,Artificial intelligence,Technology,Tom Brown
Tom Ford,2023,1422,2.2,United States,Fashion,Fashion & Retail,Tom Ford
Tom Ford,2024,1531,2.2,United States,Fashion,Fashion & Retail,Tom Ford
Tom Ford,2025,1678,2.2,United States,Fashion,Fashion & Retail,Tom Ford
Tom Gores,2001,516,1.0,United States,,Finance,Tom Gores
Tom Gores,2002,289,1.5,United States,,Finance,Tom Gores
Tom Gores,2003,342,1.5,United States,,Finance,Tom Gores
Tom Gores,2004,347,1.6,United States,,Finance,Tom Gores
Tom Gores,2005,331,1.7,United States,,Finance,Tom Gores
Tom Gores,2006,396,1.7,United States,,Finance,Tom Gores
Tom Gores,2007,450,2.0,United States,,Finance,Tom Gores
Tom Gores,2008,516,2.2,United States,,Investments,Tom Gores
Tom Gores,2009,352,2.0,United States,,Investments,Tom Gores
Tom Gores,2010,457,2.2,United States,private equity,Investments,Tom Gores
Tom Gores,2011,502,2.4,United States,private equity,Investments,Tom Gores
Tom Gores,2012,536,2.4,United States,private equity,Investments,Tom Gores
Tom Gores,2013,574,2.6,United States,private equity,Investments,Tom Gores
Tom Gores,2014,598,2.9,United States,private equity,Investments,Tom Gores
Tom Gores,2015,570,3.2,United States,private equity,Investments,Tom Gores
Tom Gores,2016,516,3.3,United States,private equity,Finance and Investments,Tom Gores
Tom Gores,2017,591,3.3,United States,private equity,Finance and Investments,Tom Gores
Tom Gores,2018,585,3.9,United States,private equity,Finance and Investments,Tom Gores
Tom Gores,2019,515,4.0,United States,private equity,Finance and Investments,Tom Gores
Tom Gores,2020,285,5.7,United States,private equity,Finance & Investments,Tom Gores
Tom Gores,2021,493,5.7,United States,private equity,Finance & Investments,Tom Gores
Tom Gores,2022,430,6.0,United States,private equity,Finance & Investments,Tom Gores
Tom Gores,2023,423,6.1,United States,Private equity,Finance & Investments,Tom Gores
Tom Gores,2024,271,9.1,United States,Private equity,Finance & Investments,Tom Gores
Tom Gores,2025,306,9.4,United States,Private equity,Finance & Investments,Tom Gores
Tom Preston-Werner,2019,1858,1.2,United States,collaborative software,Technology,Tom Preston-Werner
Tom Preston-Werner,2020,1768,1.2,United States,collaborative software,Technology,Tom Preston-Werner
Tom Werner,2022,1828,1.6,United States,sports teams,Sports,Tom Werner
Tom Werner,2023,1735,1.7,United States,Sports teams,Sports,Tom Werner
Tom Werner,2024,1631,2.0,United States,Sports teams,Sports,Tom Werner
Tom Werner,2025,1774,2.0,United States,Sports teams,Sports,Tom Werner
Tony Xu,2021,1113,2.8,United States,food delivery service,Technology,Tony Xu
Tony Xu,2022,2202,1.3,United States,food delivery service,Technology,Tony Xu
Tony Xu,2024,1551,2.1,United States,food delivery service,Technology,Tony Xu
Tony Xu,2025,1628,2.2,United States,food delivery service,Technology,Tony Xu
Travis Kalanick,2015,284,5.3,United States,Uber Technologies,Technology,Travis Kalanick
Travis Kalanick,2016,192,6.2,United States,Uber Technologies,Technology,Travis Kalanick
Travis Kalanick,2017,229,6.3,United States,Uber,Technology,Travis Kalanick
Travis Kalanick,2018,432,4.8,United States,Uber,Technology,Travis Kalanick
Travis Kalanick,2019,300,5.8,United States,Uber,Technology,Travis Kalanick
Travis Kalanick,2020,823,2.6,United States,Uber,Technology,Travis Kalanick
Travis Kalanick,2021,1148,2.8,United States,Uber,Technology,Travis Kalanick
Travis Kalanick,2022,1136,2.8,United States,Uber,Technology,Travis Kalanick
Travis Kalanick,2023,714,4.0,United States,Uber,Technology,Travis Kalanick
Travis Kalanick,2024,915,3.6,United States,Uber,Technology,Travis Kalanick
Travis Kalanick,2025,1026,3.6,United States,Uber,Technology,Travis Kalanick
Vasily Shikin,2025,2042,1.7,United States,"marketing software, mobile games",Technology,Vasily Shikin
Vinod Khosla,2001,513,1.0,United States,,Finance,Vinod Khosla
Vinod Khosla,2002,432,1.0,United States,,Finance,Vinod Khosla
Vinod Khosla,2008,730,1.5,United States,,Technology,Vinod Khosla
Vinod Khosla,2009,632,1.1,United States,,Technology,Vinod Khosla
Vinod Khosla,2010,911,1.1,United States,"Sun Microsystems, venture capital",Technology,Vinod Khosla
Vinod Khosla,2011,906,1.4,United States,"Sun Microsystems, venture capital",Technology,Vinod Khosla
Vinod Khosla,2012,978,1.3,United States,venture capital,Investments,Vinod Khosla
Vinod Khosla,2013,1003,1.5,United States,venture capital,Investments,Vinod Khosla
Vinod Khosla,2014,1174,1.5,United States,venture capital,Technology,Vinod Khosla
Vinod Khosla,2015,1146,1.7,United States,venture capital,Technology,Vinod Khosla
Vinod Khosla,2016,1248,1.5,United States,venture capital,Technology,Vinod Khosla
Vinod Khosla,2017,1326,1.6,United States,venture capital,Technology,Vinod Khosla
Vinod Khosla,2018,1086,2.3,United States,venture capital,Technology,Vinod Khosla
Vinod Khosla,2019,1143,2.1,United States,venture capital,Technology,Vinod Khosla
Vinod Khosla,2020,1101,2.0,United States,venture capital,Technology,Vinod Khosla
Vinod Khosla,2021,1196,2.7,United States,venture capital,Technology,Vinod Khosla
Vinod Khosla,2022,357,6.9,United States,venture capital,Technology,Vinod Khosla
Vinod Khosla,2023,572,4.8,United States,Venture capital,Technology,Vinod Khosla
Vinod Khosla,2024,415,6.7,United States,"Sun Microsystems, venture capital",Technology,Vinod Khosla
Vinod Khosla,2025,375,8.2,United States,"Sun Microsystems, venture capital",Technology,Vinod Khosla
Vlad Tenev,2021,2695,1.0,United States,stock trading,Finance & Investments,Vlad Tenev
Vlad Tenev,2024,2572,1.1,United States,Stock trading app,Finance & Investments,Vlad Tenev
Vlad Tenev,2025,1469,2.5,United States,Stock trading app,Finance & Investments,Vlad Tenev
Walter Wang,2024,993,3.3,United States,Manufacturing,Manufacturing,Walter Wang
Walter Wang,2025,1015,3.6,United States,Manufacturing,Manufacturing,Walter Wang
William Fisher,2006,527,1.3,United States,,Retail,William Fisher
William Fisher,2007,634,1.4,United States,,Retail,William Fisher
William Fisher,2008,775,1.4,United States,,Retail,William Fisher
William Fisher,2012,991,1.3,United States,Gap,Retail,William Fisher
William Fisher,2013,970,1.55,United States,Gap,Retail,William Fisher
William Fisher,2014,909,2.0,United States,Gap,Fashion & Retail,William Fisher
William Fisher,2015,985,2.0,United States,Gap,Fashion & Retail,William Fisher
William Fisher,2016,1341,1.4,United States,Gap,Fashion & Retail,William Fisher
William Fisher,2017,1444,1.5,United States,Gap,Fashion & Retail,William Fisher
William Fisher,2018,1454,1.7,United States,Gap,Fashion & Retail,William Fisher
William Fisher,2019,1682,1.4,United States,Gap,Fashion & Retail,William Fisher
William Fisher,2021,1570,2.1,United States,Gap,Fashion & Retail,William Fisher
William Fisher,2022,2422,1.2,United States,Gap,Fashion & Retail,William Fisher
William Fisher,2023,2613,1.0,United States,Gap,Fashion & Retail,William Fisher
William Fisher,2024,2123,1.5,United States,Gap,Fashion & Retail,William Fisher
William Fisher,2025,2201,1.6,United States,Gap,Fashion & Retail,William Fisher
